Workbook

Sheet PNT-G-133
B1: صورت مجلس | E1: شماره ویرایش مدرک: | H1: تاریخ ویرایش مدرک: | K1: EC-01-F-09
F4: صورتمجلس
B11: نام پروژه: تعمیرات اساسی ضلع جنوبی اسکله شرقی جزیره خارگ ازمحور19الی45 (PC) | F11: شماره صورتمجلس PNT-G-133 | J11: تاریخ :1404/07/28
B14: نام پیمانکار: شرکت صنایع فرا ساحل (صف) | F14: شماره قرارداد: 11048-73-38 | J14: تعداد صفحات پيوست: 5 صفحه
B17: موضـوع: تهیه رنگ High Solid GLASS FLAKE EPOXY به ضخامت 250 میکرون
B20: بدینوسیله امضا کنندگان ذیل تایید می نمایند , تهیه رنگ High Solid GLASS FLAKE EPOXY به ضخامت 250 میکرون برای المان های ناحیه حد فاصل محور های 19 الی 45 ضلع جنوبی اسکله شرقی مطابق با ریزمتره پیوست به مساحت 361/4 متر مربع انجام گردید.
B26: ردیف | C26: ردیف فهرست بها | E26: شرح | I26: مقدار | K26: واحد
B28: 28 | C28: 641904105 | E28: تهیه رنگ High Solid GLASS FLAKE EPOXY به ضخامت 250 میکرون | I28: 361/4 | K28: متر مربع
B31: پیمانکار | F31: دستگاه نظارت | J31: کار فرما
B35: منبع مدرک: کارفرما ناظر مقیم پروژه امور قرارداد ها بایگانی دستگاه نظارت پیمانکار

Sheet PNT-G-132
B1: صورت مجلس | E1: شماره ویرایش مدرک: | H1: تاریخ ویرایش مدرک: | K1: EC-01-F-09
F4: صورتمجلس
B11: نام پروژه: تعمیرات اساسی ضلع جنوبی اسکله شرقی جزیره خارگ ازمحور19الی45 (PC) | F11: شماره صورت PNT-G-132 | J11: تاریخ :1404/07/28
B14: نام پیمانکار: شرکت صنایع فرا ساحل (صف) | F14: شماره قرارداد: 11048-73-38 | J14: تعداد صفحات پيوست: 4 صفحه
B17: موضـوع: اضافه بها اعمال رنگ High Solid GLASS FLAKE EPOXY به وسیله دستگاه رنگ پاش بدون هوا (Airless) به ضخامت 250 میکرون درناحیه بالای اسپلش زون تا زیر عرشه اسکله معادل 20% بهای واحد ردیف 641903107 طبق بند 13 مقدمه فصل 19 فهرست بها
B20: بدینوسیله امضا کنندگان ذیل تایید می نمایند , عملیات اعمال رنگ High Solid GLASS FLAKE EPOXY به وسیله دستگاه رنگ پاش بدون هوا (Airless) به ضخامت 250 میکرون در درناحیه بالای اسپلش زون تا زیر عرشه اسکله بر روی المان های ناحیه حد فاصل محور های 19 الی 45 ضلع جنوبی اسکله شرقی مطابق با ریزمتره پیوست به مساحت 361/4 متر مربع انجام گردید.
B26: ردیف | C26: ردیف فهرست بها | E26: شرح | I26: مقدار | K26: واحد
B28: 24 | C28: 641903132* | E28: اضافه بها اعمال رنگ High Solid GLASS FLAKE EPOXY به وسیله دستگاه رنگ پاش بدون هوا (Airless) به ضخامت 250 میکرون درناحیه بالای اسپلش زون تا زیر عرشه اسکله معادل 20% بهای واحد ردیف 641903107 طبق بند 13 مقدمه فصل 19 فهرست بها | I28: 361/4 | K28: متر مربع | P28: 569.1511
B31: پیمانکار | F31: دستگاه نظارت | J31: کار فرما
B35: منبع مدرک: کارفرما ناظر مقیم پروژه امور قرارداد ها بایگانی دستگاه نظارت پیمانکار

Sheet  المان PNT-G-132
G2: شماره صورتمجلس PNT-G-132
B4: موضـوع:اضافه بها اعمال رنگ High Solid GLASS FLAKE EPOXY به وسیله دستگاه رنگ پاش بدون هوا (Airless) به ضخامت 250 میکرون درناحیه بالای اسپلش زون تا زیر عرشه اسکله معادل 20% بهای واحد ردیف 641903107 طبق بند 13 مقدمه فصل 19 فهرست بها
B5: موقعیت: محورهای 19 الی 45
B6: ردیف | C6: شرح | H6: سطح واحد(m2) | I6: تعداد | J6: طول/ابعاد (mm) | K6: طول/ابعاد موثر (mm) | L6: همپوشانی یک المان (m2) | M6: سطح یک المان(m2) | N6: سطح کل(m2)
B7: 1 | C7: S19-45(lower) AXIS 25 ROW C~E | G7: UC313*308*20*15 | H7: 1.828 | I7: 1 | J7: =6096*2 -> 12192 | K7: =6096*2 -> 12192 | L7: =2*0.85*0.308+2*1.9*0.308 -> 1.694 | M7: =K7*H7/1000 -> 22.286976 | N7: =ROUND(M7*I7-I7*L7,1) -> 20.6 | AL7: REPORT 119 - FINISH COAT
B8: 2 | C8: S19-45 (upper) AXIS 25 ROW C~E | G8: UC313*308*20*15 | H8: 1.828 | I8: 1 | J8: =6096*2 -> 12192 | K8: =6096*2 -> 12192 | L8: =2*0.85*0.308 -> 0.5236 | M8: =K8*H8/1000 -> 22.286976 | N8: =ROUND(M8*I8-I8*L8,1) -> 21.8
B9: 3 | C9: S25-08 | G9: UC220*210*12*8 | H9: 1.284 | I9: 1 | J9: 1510 | K9: 1510 | L9: 0 | M9: =H9*K9/1000 -> 1.93884 | N9: =ROUND(M9*I9-I9*L9,1) -> 1.9
B10: 4 | C10: S25-03 | G10: UC160*160*12*8 | H10: 0.944 | I10: 5 | J10: 1510 | K10: 1510 | L10: 0 | M10: =H10*K10/1000 -> 1.42544 | N10: =ROUND(M10*I10-I10*L10,1) -> 7.1
B11: 5 | C11: S25-02 | G11: UC160*160*12*8 | H11: 0.944 | I11: 6 | J11: 2402 | K11: 2251 | L11: 0 | M11: =H11*K11/1000 -> 2.124944 | N11: =ROUND(M11*I11-I11*L11,1) -> 12.7
B12: 6 | C12: S-24-06-U | G12: UC200*210*12*10 | H12: 1.22 | I12: 2 | J12: 3909 | K12: 3847 | L12: =0.126+0.114 -> 0.24 | M12: =H12*K12/1000 -> 4.69334 | N12: =ROUND(M12*I12-I12*L12,1) -> 8.9
B13: 7 | C13: S-24-02-U | G13: UC200*210*12*10 | H13: 1.22 | I13: 2 | J13: 7829 | K13: 7829 | L13: =0.252+0.1088 -> 0.3608 | M13: =H13*K13/1000 -> 9.55138 | N13: =ROUND(M13*I13-I13*L13,1) -> 18.4
B14: 8 | C14: S-24-07-U | G14: UC200*210*12*10 | H14: 1.22 | I14: 2 | J14: 3659 | K14: 3569 | L14: =0.126+0.114 -> 0.24 | M14: =H14*K14/1000 -> 4.35418 | N14: =ROUND(M14*I14-I14*L14,1) -> 8.2
B15: 9 | C15: S-24-06-L | G15: UC200*210*12*10 | H15: 1.22 | I15: 2 | J15: 3909 | K15: 3847 | L15: =0.126+0.114 -> 0.24 | M15: =H15*K15/1000 -> 4.69334 | N15: =ROUND(M15*I15-I15*L15,1) -> 8.9
B16: 10 | C16: S-24-02-L | G16: UC200*210*12*10 | H16: 1.22 | I16: 2 | J16: 7829 | K16: 7829 | L16: 0.252 | M16: =H16*K16/1000 -> 9.55138 | N16: =ROUND(M16*I16-I16*L16,1) -> 18.6
B17: 11 | C17: S-24-07-L | G17: UC200*210*12*10 | H17: 1.22 | I17: 2 | J17: 3659 | K17: 3569 | L17: =0.126+0.114 -> 0.24 | M17: =H17*K17/1000 -> 4.35418 | N17: =ROUND(M17*I17-I17*L17,1) -> 8.2
B18: 12 | C18: S-24-03-U | G18: UC200*210*12*10 | H18: 1.22 | I18: 2 | J18: 5486 | K18: 5486 | L18: 0.126 | M18: =H18*K18/1000 -> 6.69292 | N18: =ROUND(M18*I18-I18*L18,1) -> 13.1
B19: 13 | C19: S-24-03-L | G19: UC200*210*12*10 | H19: 1.22 | I19: 2 | J19: 5486 | K19: 5486 | L19: 0.15834 | M19: =H19*K19/1000 -> 6.69292 | N19: =ROUND(M19*I19-I19*L19,1) -> 13.1
B20: 14 | C20: S24-C-03 | G20: UC160*160*12*8 | H20: 0.944 | I20: 2 | J20: 2948 | K20: 2771 | L20: 0 | M20: =ROUNDUP(H20*K20/1000,1) -> 2.7 | N20: =M20*I20-L20*I20 -> 5.4
B21: 15 | C21: S24-C-04 | G21: UC160*160*12*8 | H21: 0.944 | I21: 1 | J21: 1629 | K21: 1629 | L21: 0 | M21: =ROUNDUP(H21*K21/1000,1) -> 1.6 | N21: =M21*I21-L21*I21 -> 1.6
B22: 16 | C22: BOX TO PILE (AXIS-25 ROW C & D) | G22: 1920*720 | H22: 3.58 | I22: 2 | J22: - | K22: - | L22: =1.9*0.308 -> 0.5852 | M22: =H22 -> 3.58 | N22: =ROUND(M22*I22-L22*I22,1) -> 6
B23: 17 | C23: GUSSET - LOWER DECK (Row C) AXIS 25 | G23: TYP.05 (LOWER DECK) | H23: 2.042 | I23: 1 | J23: - | K23: - | L23: =0.85*0.308+6*2*0.3*0.21 -> 1.0178 | M23: =H23*I23 -> 2.042 | N23: =ROUND(M23*I23-I23*L23,1) -> 1
B24: 18 | C24: GUSSET - UPPER DECK (Row C) AXIS 25 | G24: TYP.9 (UPPER DECK) | H24: 1.895172 | I24: 1 | J24: - | K24: - | L24: 0.751525 | M24: =H24*I24 -> 1.895172 | N24: =ROUND(M24*I24-I24*L24,1) -> 1.1
B25: 19 | C25: GUSSET - LOWER DECK (Row D) AXIS 25 | G25: TYP.04 (LOWER DECK) | H25: 2.042 | I25: 1 | J25: - | K25: - | L25: =0.85*0.308+6*2*0.3*0.21 -> 1.0178 | M25: =H25*I25 -> 2.042 | N25: =ROUND(M25*I25-I25*L25,1) -> 1
B26: 20 | C26: GUSSET - UPPER DECK (Row D) AXIS 25 | G26: TYP.9 (UPPER DECK) | H26: 1.895172 | I26: 1 | J26: - | K26: - | L26: 0.751525 | M26: =H26*I26 -> 1.895172 | N26: =ROUND(M26*I26-I26*L26,1) -> 1.1
B27: 21 | C27: GUSSET - LOWER DECK (Row C~D) AXIS 24~25 | G27: TYP.12 (LOWER DECK) | H27: 0.835 | I27: 1 | J27: - | K27: - | L27: 0.3368 | M27: =H27*I27 -> 0.835 | N27: =ROUND(M27*I27-I27*L27,1) -> 0.5
B28: 22 | C28: GUSSET - UPPER DECK (Row C~D) AXIS 24~25 | G28: TYP.08 (UPPER DECK) | H28: =H27 -> 0.835 | I28: 1 | J28: - | K28: - | L28: =L27 -> 0.3368 | M28: =H28*I28 -> 0.835 | N28: =ROUND(M28*I28-I28*L28,1) -> 0.5
B29: 23 | C29: GUSSET - LOWER DECK (Row D~E) AXIS 24~25 | G29: TYP.12 (LOWER DECK) | H29: 0.835 | I29: 1 | J29: - | K29: - | L29: 0.3368 | M29: =H29*I29 -> 0.835 | N29: =ROUND(M29*I29-I29*L29,1) -> 0.5
B30: 24 | C30: GUSSET - UPPER DECK (Row D~E) AXIS 24~25 | G30: TYP.08 (UPPER DECK) | H30: =H29 -> 0.835 | I30: 1 | J30: - | K30: - | L30: =L29 -> 0.3368 | M30: =H30*I30 -> 0.835 | N30: =ROUND(M30*I30-I30*L30,1) -> 0.5
B31: جمع کل | N31: =SUM(N7:N30) -> 180.7
B32: جمع کل دو لایه | N32: =N31*2 -> 361.4
B33: پیمانکار : تاریخ : | I33: دستگاه نظارت : تاریخ :
B35: منبع مدرک: کارفرما ناظر مقیم پروژه امور قرارداد ها بایگانی دستگاه نظارت پیمانکار

Sheet PNT-G-131
B1: صورت مجلس | E1: شماره ویرایش مدرک: | H1: تاریخ ویرایش مدرک: | K1: EC-01-F-09
F4: صورتمجلس
B11: نام پروژه: تعمیرات اساسی ضلع جنوبی اسکله شرقی جزیره خارگ ازمحور19الی45 (PC) | F11: شماره صورت PNT-G-131 | J11: تاریخ :1404/07/28
B14: نام پیمانکار: شرکت صنایع فرا ساحل (صف) | F14: شماره قرارداد: 11048-73-38 | J14: تعداد صفحات پيوست: 4 صفحه
B17: موضـوع: اضافه بهای اعمال رنگ High Solid GLASS FLAKE EPOXY به وسیله دستگاه رنگ پاش بدون هوا (Airless) به ضخامت 250 میکرون در اسکله ( در صورتی که سطح مورد نظر ، لوله تا 8 اینچ یا مقاطع فولادی تا 200 میلی متر باشد.)
B20: بدینوسیله امضا کنندگان ذیل تایید می نمایند , عملیات اعمال رنگ High Solid GLASS FLAKE EPOXY به وسیله دستگاه رنگ پاش بدون هوا (Airless) به ضخامت 250 میکرون در اسکله بر روی المان های ناحیه حد فاصل محور های 19 الی 45 ضلع جنوبی اسکله شرقی مطابق با ریزمتره پیوست به مساحت 248/4 متر مربع انجام گردید.
B26: ردیف | C26: ردیف فهرست بها | E26: شرح | I26: مقدار | K26: واحد
B28: 21 | C28: 641903122 | E28: اضافه بهای اعمال رنگ High Solid GLASS FLAKE EPOXY به وسیله دستگاه رنگ پاش بدون هوا (Airless) به ضخامت 250 میکرون در اسکله ( در صورتی که سطح مورد نظر ، لوله تا 8 اینچ یا مقاطع فولادی تا 200 میلی متر باشد.) | I28: 248/4 | K28: متر مربع
B31: پیمانکار | F31: دستگاه نظارت | J31: کار فرما
B35: منبع مدرک: کارفرما ناظر مقیم پروژه امور قرارداد ها بایگانی دستگاه نظارت پیمانکار

Sheet  المان PNT-G-131
G2: شماره صورتمجلس PNT-G-131
B4: موضـوع: اضافه بهای اعمال رنگ High Solid GLASS FLAKE Epoxy به وسیله دستگاه رنگ پاش بدون هوا (Airless) به ضخامت 250 میکرون در اسکله ( در صورتی که سطح مورد نظر ، لوله تا 8 اینچ یا مقاطع فولادی تا 200 میلی متر باشد.)
B5: موقعیت: محورهای 19 الی 45
B6: ردیف | C6: شرح | H6: سطح واحد(m2) | I6: تعداد | J6: طول/ابعاد (mm) | K6: طول/ابعاد موثر (mm) | L6: همپوشانی یک المان (m2) | M6: سطح یک المان(m2) | N6: سطح کل(m2)
B7: 1 | C7: S19-45(lower) AXIS 25 ROW C~E | G7: UC313*308*20*15 | H7: 1.828 | I7: 0 | J7: =6096*2 -> 12192 | K7: =6096*2 -> 12192 | L7: =2*0.85*0.308+2*1.9*0.308 -> 1.694 | M7: =K7*H7/1000 -> 22.286976 | N7: =ROUND(M7*I7-I7*L7,1) -> 0 | AL7: REPORT 119 - FINISH COAT
B8: 2 | C8: S19-45 (upper) AXIS 25 ROW C~E | G8: UC313*308*20*15 | H8: 1.828 | I8: 0 | J8: =6096*2 -> 12192 | K8: =6096*2 -> 12192 | L8: =2*0.85*0.308 -> 0.5236 | M8: =K8*H8/1000 -> 22.286976 | N8: =ROUND(M8*I8-I8*L8,1) -> 0
B9: 3 | C9: S25-08 | G9: UC220*210*12*8 | H9: 1.284 | I9: 0 | J9: 1510 | K9: 1510 | L9: 0 | M9: =H9*K9/1000 -> 1.93884 | N9: =ROUND(M9*I9-I9*L9,1) -> 0
B10: 4 | C10: S25-03 | G10: UC160*160*12*8 | H10: 0.944 | I10: 5 | J10: 1510 | K10: 1510 | L10: 0 | M10: =H10*K10/1000 -> 1.42544 | N10: =ROUND(M10*I10-I10*L10,1) -> 7.1
B11: 5 | C11: S25-02 | G11: UC160*160*12*8 | H11: 0.944 | I11: 6 | J11: 2402 | K11: 2251 | L11: 0 | M11: =H11*K11/1000 -> 2.124944 | N11: =ROUND(M11*I11-I11*L11,1) -> 12.7
B12: 6 | C12: S-24-06-U | G12: UC200*210*12*10 | H12: 1.22 | I12: 2 | J12: 3909 | K12: 3847 | L12: =0.126+0.114 -> 0.24 | M12: =H12*K12/1000 -> 4.69334 | N12: =ROUND(M12*I12-I12*L12,1) -> 8.9
B13: 7 | C13: S-24-02-U | G13: UC200*210*12*10 | H13: 1.22 | I13: 2 | J13: 7829 | K13: 7829 | L13: =0.252+0.1088 -> 0.3608 | M13: =H13*K13/1000 -> 9.55138 | N13: =ROUND(M13*I13-I13*L13,1) -> 18.4
B14: 8 | C14: S-24-07-U | G14: UC200*210*12*10 | H14: 1.22 | I14: 2 | J14: 3659 | K14: 3569 | L14: =0.126+0.114 -> 0.24 | M14: =H14*K14/1000 -> 4.35418 | N14: =ROUND(M14*I14-I14*L14,1) -> 8.2
B15: 9 | C15: S-24-06-L | G15: UC200*210*12*10 | H15: 1.22 | I15: 2 | J15: 3909 | K15: 3847 | L15: =0.126+0.114 -> 0.24 | M15: =H15*K15/1000 -> 4.69334 | N15: =ROUND(M15*I15-I15*L15,1) -> 8.9
B16: 10 | C16: S-24-02-L | G16: UC200*210*12*10 | H16: 1.22 | I16: 2 | J16: 7829 | K16: 7829 | L16: 0.252 | M16: =H16*K16/1000 -> 9.55138 | N16: =ROUND(M16*I16-I16*L16,1) -> 18.6
B17: 11 | C17: S-24-07-L | G17: UC200*210*12*10 | H17: 1.22 | I17: 2 | J17: 3659 | K17: 3569 | L17: =0.126+0.114 -> 0.24 | M17: =H17*K17/1000 -> 4.35418 | N17: =ROUND(M17*I17-I17*L17,1) -> 8.2
B18: 12 | C18: S-24-03-U | G18: UC200*210*12*10 | H18: 1.22 | I18: 2 | J18: 5486 | K18: 5486 | L18: 0.126 | M18: =H18*K18/1000 -> 6.69292 | N18: =ROUND(M18*I18-I18*L18,1) -> 13.1
B19: 13 | C19: S-24-03-L | G19: UC200*210*12*10 | H19: 1.22 | I19: 2 | J19: 5486 | K19: 5486 | L19: 0.15834 | M19: =H19*K19/1000 -> 6.69292 | N19: =ROUND(M19*I19-I19*L19,1) -> 13.1
B20: 14 | C20: S24-C-03 | G20: UC160*160*12*8 | H20: 0.944 | I20: 2 | J20: 2948 | K20: 2771 | L20: 0 | M20: =ROUNDUP(H20*K20/1000,1) -> 2.7 | N20: =M20*I20-L20*I20 -> 5.4
B21: 15 | C21: S24-C-04 | G21: UC160*160*12*8 | H21: 0.944 | I21: 1 | J21: 1629 | K21: 1629 | L21: 0 | M21: =ROUNDUP(H21*K21/1000,1) -> 1.6 | N21: =M21*I21-L21*I21 -> 1.6
B22: 16 | C22: BOX TO PILE (AXIS-25 ROW C & D) | G22: 1920*720 | H22: 3.58 | I22: 0 | J22: - | K22: - | L22: =1.9*0.308 -> 0.5852 | M22: =H22 -> 3.58 | N22: =ROUND(M22*I22-L22*I22,1) -> 0
B23: 17 | C23: GUSSET - LOWER DECK (Row C) AXIS 25 | G23: TYP.05 (LOWER DECK) | H23: 2.042 | I23: 0 | J23: - | K23: - | L23: =0.85*0.308+6*2*0.3*0.21 -> 1.0178 | M23: =H23*I23 -> 0 | N23: =ROUND(M23*I23-I23*L23,1) -> 0
B24: 18 | C24: GUSSET - UPPER DECK (Row C) AXIS 25 | G24: TYP.9 (UPPER DECK) | H24: 1.895172 | I24: 0 | J24: - | K24: - | L24: 0.751525 | M24: =H24*I24 -> 0 | N24: =ROUND(M24*I24-I24*L24,1) -> 0
B25: 19 | C25: GUSSET - LOWER DECK (Row D) AXIS 25 | G25: TYP.04 (LOWER DECK) | H25: 2.042 | I25: 0 | J25: - | K25: - | L25: =0.85*0.308+6*2*0.3*0.21 -> 1.0178 | M25: =H25*I25 -> 0 | N25: =ROUND(M25*I25-I25*L25,1) -> 0
B26: 20 | C26: GUSSET - UPPER DECK (Row D) AXIS 25 | G26: TYP.9 (UPPER DECK) | H26: 1.895172 | I26: 0 | J26: - | K26: - | L26: 0.751525 | M26: =H26*I26 -> 0 | N26: =ROUND(M26*I26-I26*L26,1) -> 0
B27: 21 | C27: GUSSET - LOWER DECK (Row C~D) AXIS 24~25 | G27: TYP.12 (LOWER DECK) | H27: 0.835 | I27: 0 | J27: - | K27: - | L27: 0.3368 | M27: =H27*I27 -> 0 | N27: =ROUND(M27*I27-I27*L27,1) -> 0
B28: 22 | C28: GUSSET - UPPER DECK (Row C~D) AXIS 24~25 | G28: TYP.08 (UPPER DECK) | H28: =H27 -> 0.835 | I28: 0 | J28: - | K28: - | L28: =L27 -> 0.3368 | M28: =H28*I28 -> 0 | N28: =ROUND(M28*I28-I28*L28,1) -> 0
B29: 23 | C29: GUSSET - LOWER DECK (Row D~E) AXIS 24~25 | G29: TYP.12 (LOWER DECK) | H29: 0.835 | I29: 0 | J29: - | K29: - | L29: 0.3368 | M29: =H29*I29 -> 0 | N29: =ROUND(M29*I29-I29*L29,1) -> 0
B30: 24 | C30: GUSSET - UPPER DECK (Row D~E) AXIS 24~25 | G30: TYP.08 (UPPER DECK) | H30: =H29 -> 0.835 | I30: 0 | J30: - | K30: - | L30: =L29 -> 0.3368 | M30: =H30*I30 -> 0 | N30: =ROUND(M30*I30-I30*L30,1) -> 0
B31: جمع کل | N31: =SUM(N7:N30) -> 124.2
B32: جمع کل دو لایه | N32: =N31*2 -> 248.4
B33: پیمانکار : تاریخ : | I33: دستگاه نظارت : تاریخ :
B35: منبع مدرک: کارفرما ناظر مقیم پروژه امور قرارداد ها بایگانی دستگاه نظارت پیمانکار

Sheet PNT-G-130
B1: صورت مجلس | E1: شماره ویرایش مدرک: | H1: تاریخ ویرایش مدرک: | K1: EC-01-F-09
F4: صورتمجلس
B11: نام پروژه: تعمیرات اساسی ضلع جنوبی اسکله شرقی جزیره خارگ ازمحور19الی45 (PC) | F11: شماره صورت PNT-G-130 | J11: تاریخ :1404/07/28
B14: نام پیمانکار: شرکت صنایع فرا ساحل (صف) | F14: شماره قرارداد: 11048-73-38 | J14: تعداد صفحات پيوست: 4 صفحه
B17: موضـوع: اعمال رنگ High Solid GLASS FLAKE EPOXY به وسیله دستگاه رنگ پاش بدون هوا (Airless) به ضخامت 250 میکرون در اسکله
B20: بدینوسیله امضا کنندگان ذیل تایید می نمایند , عملیات اعمال رنگ High Solid GLASS FLAKE EPOXY به وسیله دستگاه رنگ پاش بدون هوا (Airless) به ضخامت 250 میکرون در اسکله بر روی المان های ناحیه حد فاصل محور های 19 الی 45 ضلع جنوبی اسکله شرقی مطابق با ریزمتره پیوست به مساحت 361/4 متر مربع انجام گردید.
B26: ردیف | C26: ردیف فهرست بها | E26: شرح | I26: مقدار | K26: واحد
B28: 17 | C28: 641903107 | E28: اعمال رنگ High Solid GLASS FLAKE EPOXY به وسیله دستگاه رنگ پاش بدون هوا (Airless) به ضخامت 250 میکرون در اسکله | I28: 361/4 | K28: متر مربع
B31: پیمانکار | F31: دستگاه نظارت | J31: کار فرما
B35: منبع مدرک: کارفرما ناظر مقیم پروژه امور قرارداد ها بایگانی دستگاه نظارت پیمانکار

Sheet  المان PNT-G-130
G2: شماره صورتمجلس PNT-G-130
B4: موضـوع: اعمال رنگ High Solid GLASS FLAKE EPOXY به وسیله دستگاه رنگ پاش بدون هوا (Airless) به ضخامت 250 میکرون در اسکله
B5: موقعیت: محورهای 19 الی 45
B6: ردیف | C6: شرح | H6: سطح واحد(m2) | I6: تعداد | J6: طول/ابعاد (mm) | K6: طول/ابعاد موثر (mm) | L6: همپوشانی یک المان (m2) | M6: سطح یک المان(m2) | N6: سطح کل(m2)
B7: 1 | C7: S19-45(lower) AXIS 25 ROW C~E | G7: UC313*308*20*15 | H7: 1.828 | I7: 1 | J7: =6096*2 -> 12192 | K7: =6096*2 -> 12192 | L7: =2*0.85*0.308+2*1.9*0.308 -> 1.694 | M7: =K7*H7/1000 -> 22.286976 | N7: =ROUND(M7*I7-I7*L7,1) -> 20.6 | AL7: REPORT 119 - FINISH COAT
B8: 2 | C8: S19-45 (upper) AXIS 25 ROW C~E | G8: UC313*308*20*15 | H8: 1.828 | I8: 1 | J8: =6096*2 -> 12192 | K8: =6096*2 -> 12192 | L8: =2*0.85*0.308 -> 0.5236 | M8: =K8*H8/1000 -> 22.286976 | N8: =ROUND(M8*I8-I8*L8,1) -> 21.8
B9: 3 | C9: S25-08 | G9: UC220*210*12*8 | H9: 1.284 | I9: 1 | J9: 1510 | K9: 1510 | L9: 0 | M9: =H9*K9/1000 -> 1.93884 | N9: =ROUND(M9*I9-I9*L9,1) -> 1.9
B10: 4 | C10: S25-03 | G10: UC160*160*12*8 | H10: 0.944 | I10: 5 | J10: 1510 | K10: 1510 | L10: 0 | M10: =H10*K10/1000 -> 1.42544 | N10: =ROUND(M10*I10-I10*L10,1) -> 7.1
B11: 5 | C11: S25-02 | G11: UC160*160*12*8 | H11: 0.944 | I11: 6 | J11: 2402 | K11: 2251 | L11: 0 | M11: =H11*K11/1000 -> 2.124944 | N11: =ROUND(M11*I11-I11*L11,1) -> 12.7
B12: 6 | C12: S-24-06-U | G12: UC200*210*12*10 | H12: 1.22 | I12: 2 | J12: 3909 | K12: 3847 | L12: =0.126+0.114 -> 0.24 | M12: =H12*K12/1000 -> 4.69334 | N12: =ROUND(M12*I12-I12*L12,1) -> 8.9
B13: 7 | C13: S-24-02-U | G13: UC200*210*12*10 | H13: 1.22 | I13: 2 | J13: 7829 | K13: 7829 | L13: =0.252+0.1088 -> 0.3608 | M13: =H13*K13/1000 -> 9.55138 | N13: =ROUND(M13*I13-I13*L13,1) -> 18.4
B14: 8 | C14: S-24-07-U | G14: UC200*210*12*10 | H14: 1.22 | I14: 2 | J14: 3659 | K14: 3569 | L14: =0.126+0.114 -> 0.24 | M14: =H14*K14/1000 -> 4.35418 | N14: =ROUND(M14*I14-I14*L14,1) -> 8.2
B15: 9 | C15: S-24-06-L | G15: UC200*210*12*10 | H15: 1.22 | I15: 2 | J15: 3909 | K15: 3847 | L15: =0.126+0.114 -> 0.24 | M15: =H15*K15/1000 -> 4.69334 | N15: =ROUND(M15*I15-I15*L15,1) -> 8.9
B16: 10 | C16: S-24-02-L | G16: UC200*210*12*10 | H16: 1.22 | I16: 2 | J16: 7829 | K16: 7829 | L16: 0.252 | M16: =H16*K16/1000 -> 9.55138 | N16: =ROUND(M16*I16-I16*L16,1) -> 18.6
B17: 11 | C17: S-24-07-L | G17: UC200*210*12*10 | H17: 1.22 | I17: 2 | J17: 3659 | K17: 3569 | L17: =0.126+0.114 -> 0.24 | M17: =H17*K17/1000 -> 4.35418 | N17: =ROUND(M17*I17-I17*L17,1) -> 8.2
B18: 12 | C18: S-24-03-U | G18: UC200*210*12*10 | H18: 1.22 | I18: 2 | J18: 5486 | K18: 5486 | L18: 0.126 | M18: =H18*K18/1000 -> 6.69292 | N18: =ROUND(M18*I18-I18*L18,1) -> 13.1
B19: 13 | C19: S-24-03-L | G19: UC200*210*12*10 | H19: 1.22 | I19: 2 | J19: 5486 | K19: 5486 | L19: 0.15834 | M19: =H19*K19/1000 -> 6.69292 | N19: =ROUND(M19*I19-I19*L19,1) -> 13.1
B20: 14 | C20: S24-C-03 | G20: UC160*160*12*8 | H20: 0.944 | I20: 2 | J20: 2948 | K20: 2771 | L20: 0 | M20: =ROUNDUP(H20*K20/1000,1) -> 2.7 | N20: =M20*I20-L20*I20 -> 5.4
B21: 15 | C21: S24-C-04 | G21: UC160*160*12*8 | H21: 0.944 | I21: 1 | J21: 1629 | K21: 1629 | L21: 0 | M21: =ROUNDUP(H21*K21/1000,1) -> 1.6 | N21: =M21*I21-L21*I21 -> 1.6
B22: 16 | C22: BOX TO PILE (AXIS-25 ROW C & D) | G22: 1920*720 | H22: 3.58 | I22: 2 | J22: - | K22: - | L22: =1.9*0.308 -> 0.5852 | M22: =H22 -> 3.58 | N22: =ROUND(M22*I22-L22*I22,1) -> 6
B23: 17 | C23: GUSSET - LOWER DECK (Row C) AXIS 25 | G23: TYP.05 (LOWER DECK) | H23: 2.042 | I23: 1 | J23: - | K23: - | L23: =0.85*0.308+6*2*0.3*0.21 -> 1.0178 | M23: =H23*I23 -> 2.042 | N23: =ROUND(M23*I23-I23*L23,1) -> 1
B24: 18 | C24: GUSSET - UPPER DECK (Row C) AXIS 25 | G24: TYP.9 (UPPER DECK) | H24: 1.895172 | I24: 1 | J24: - | K24: - | L24: 0.751525 | M24: =H24*I24 -> 1.895172 | N24: =ROUND(M24*I24-I24*L24,1) -> 1.1
B25: 19 | C25: GUSSET - LOWER DECK (Row D) AXIS 25 | G25: TYP.04 (LOWER DECK) | H25: 2.042 | I25: 1 | J25: - | K25: - | L25: =0.85*0.308+6*2*0.3*0.21 -> 1.0178 | M25: =H25*I25 -> 2.042 | N25: =ROUND(M25*I25-I25*L25,1) -> 1
B26: 20 | C26: GUSSET - UPPER DECK (Row D) AXIS 25 | G26: TYP.9 (UPPER DECK) | H26: 1.895172 | I26: 1 | J26: - | K26: - | L26: 0.751525 | M26: =H26*I26 -> 1.895172 | N26: =ROUND(M26*I26-I26*L26,1) -> 1.1
B27: 21 | C27: GUSSET - LOWER DECK (Row C~D) AXIS 24~25 | G27: TYP.12 (LOWER DECK) | H27: 0.835 | I27: 1 | J27: - | K27: - | L27: 0.3368 | M27: =H27*I27 -> 0.835 | N27: =ROUND(M27*I27-I27*L27,1) -> 0.5
B28: 22 | C28: GUSSET - UPPER DECK (Row C~D) AXIS 24~25 | G28: TYP.08 (UPPER DECK) | H28: =H27 -> 0.835 | I28: 1 | J28: - | K28: - | L28: =L27 -> 0.3368 | M28: =H28*I28 -> 0.835 | N28: =ROUND(M28*I28-I28*L28,1) -> 0.5
B29: 23 | C29: GUSSET - LOWER DECK (Row D~E) AXIS 24~25 | G29: TYP.12 (LOWER DECK) | H29: 0.835 | I29: 1 | J29: - | K29: - | L29: 0.3368 | M29: =H29*I29 -> 0.835 | N29: =ROUND(M29*I29-I29*L29,1) -> 0.5
B30: 24 | C30: GUSSET - UPPER DECK (Row D~E) AXIS 24~25 | G30: TYP.08 (UPPER DECK) | H30: =H29 -> 0.835 | I30: 1 | J30: - | K30: - | L30: =L29 -> 0.3368 | M30: =H30*I30 -> 0.835 | N30: =ROUND(M30*I30-I30*L30,1) -> 0.5
B31: جمع کل | N31: =SUM(N7:N30) -> 180.7
B32: جمع کل دو لایه | N32: =N31*2 -> 361.4
B33: پیمانکار : تاریخ : | I33: دستگاه نظارت : تاریخ :
B35: منبع مدرک: کارفرما ناظر مقیم پروژه امور قرارداد ها بایگانی دستگاه نظارت پیمانکار

Sheet PNT-G-129
B1: صورت مجلس | E1: شماره ویرایش مدرک: | H1: تاریخ ویرایش مدرک: | K1: EC-01-F-09
F4: صورتمجلس
B11: نام پروژه: تعمیرات اساسی ضلع جنوبی اسکله شرقی جزیره خارگ ازمحور19الی45 (PC) | F11: شماره صورتمجلس PNT-G-129 | J11: تاریخ :1404/07/28
B14: نام پیمانکار: شرکت صنایع فرا ساحل (صف) | F14: شماره قرارداد: 11048-73-38 | J14: تعداد صفحات پيوست: 6 صفحه
B17: موضـوع: تهیه رنگ High Solid GLASS FLAKE EPOXY به ضخامت 250 میکرون
B20: بدینوسیله امضا کنندگان ذیل تایید می نمایند , تهیه رنگ High Solid GLASS FLAKE EPOXY به ضخامت 250 میکرون برای المان های ناحیه حد فاصل محور های 19 الی 45 ضلع جنوبی اسکله شرقی مطابق با ریزمتره پیوست به مساحت 655/0 متر مربع انجام گردید.
B26: ردیف | C26: ردیف فهرست بها | E26: شرح | I26: مقدار | K26: واحد
B28: 28 | C28: 641904105 | E28: تهیه رنگ High Solid GLASS FLAKE EPOXY به ضخامت 250 میکرون | I28: 655/0 | K28: متر مربع
B31: پیمانکار | F31: دستگاه نظارت | J31: کار فرما
B35: منبع مدرک: کارفرما ناظر مقیم پروژه امور قرارداد ها بایگانی دستگاه نظارت پیمانکار

Sheet PNT-G-128
B1: صورت مجلس | E1: شماره ویرایش مدرک: | H1: تاریخ ویرایش مدرک: | K1: EC-01-F-09
F4: صورتمجلس
B11: نام پروژه: تعمیرات اساسی ضلع جنوبی اسکله شرقی جزیره خارگ ازمحور19الی45 (PC) | F11: شماره صورت PNT-G-128 | J11: تاریخ :1404/07/28
B14: نام پیمانکار: شرکت صنایع فرا ساحل (صف) | F14: شماره قرارداد: 11048-73-38 | J14: تعداد صفحات پيوست: 5 صفحه
B17: موضـوع: اضافه بها اعمال رنگ High Solid GLASS FLAKE EPOXY به وسیله دستگاه رنگ پاش بدون هوا (Airless) به ضخامت 250 میکرون درناحیه بالای اسپلش زون تا زیر عرشه اسکله معادل 20% بهای واحد ردیف 641903107 طبق بند 13 مقدمه فصل 19 فهرست بها
B20: بدینوسیله امضا کنندگان ذیل تایید می نمایند , عملیات اعمال رنگ High Solid GLASS FLAKE EPOXY به وسیله دستگاه رنگ پاش بدون هوا (Airless) به ضخامت 250 میکرون در درناحیه بالای اسپلش زون تا زیر عرشه اسکله بر روی المان های ناحیه حد فاصل محور های 19 الی 45 ضلع جنوبی اسکله شرقی مطابق با ریزمتره پیوست به مساحت 655/0 متر مربع انجام گردید.
B26: ردیف | C26: ردیف فهرست بها | E26: شرح | I26: مقدار | K26: واحد
B28: 24 | C28: 641903132* | E28: اضافه بها اعمال رنگ High Solid GLASS FLAKE EPOXY به وسیله دستگاه رنگ پاش بدون هوا (Airless) به ضخامت 250 میکرون درناحیه بالای اسپلش زون تا زیر عرشه اسکله معادل 20% بهای واحد ردیف 641903107 طبق بند 13 مقدمه فصل 19 فهرست بها | I28: 655/0 | K28: متر مربع | P28: 569.1511
B31: پیمانکار | F31: دستگاه نظارت | J31: کار فرما
B35: منبع مدرک: کارفرما ناظر مقیم پروژه امور قرارداد ها بایگانی دستگاه نظارت پیمانکار

Sheet  المان PNT-G-128
G2: شماره صورتمجلس PNT-G-128
B4: موضـوع:اضافه بها اعمال رنگ High Solid GLASS FLAKE EPOXY به وسیله دستگاه رنگ پاش بدون هوا (Airless) به ضخامت 250 میکرون درناحیه بالای اسپلش زون تا زیر عرشه اسکله معادل 20% بهای واحد ردیف 641903107 طبق بند 13 مقدمه فصل 19 فهرست بها
B5: موقعیت: محورهای 19 الی 45
B6: ردیف | C6: شرح | H6: سطح واحد(m2) | I6: تعداد | J6: طول/ابعاد (mm) | K6: طول/ابعاد موثر (mm) | L6: همپوشانی یک المان (m2) | M6: سطح یک المان(m2) | N6: سطح کل(m2)
B7: 1 | C7: S36-02 | G7: UC160*160*12*8 | H7: 0.944 | I7: 5 | J7: 2383 | K7: 2238 | L7: 0 | M7: =H7*K7/1000 -> 2.112672 | N7: =ROUND(M7*I7-I7*L7,1) -> 10.6 | AC7: REPORT 116 - FINISH COAT
B8: 2 | C8: S42-03 | G8: UC160*160*12*8 | H8: 0.944 | I8: 3 | J8: 1510 | K8: 1510 | L8: 0 | M8: =H8*K8/1000 -> 1.42544 | N8: =ROUND(M8*I8-I8*L8,1) -> 4.3 | AC8: REPORT 117 - FINISH COAT
B9: 3 | C9: S39-05 | G9: UC160*160*12*8 | H9: 0.944 | I9: 1 | J9: 1817 | K9: 1735 | L9: 0 | M9: =ROUNDUP(H9*K9/1000,2) -> 1.64 | N9: =M9*I9-L9*I9 -> 1.64 | AC9: REPORT 118 - FINISH COAT
B10: 4 | C10: S38-02 | G10: UC160*160*12*8 | H10: 0.944 | I10: 5 | J10: 2402 | K10: 2251 | L10: 0 | M10: =H10*K10/1000 -> 2.124944 | N10: =ROUND(M10*I10-I10*L10,1) -> 10.6
B11: 5 | C11: S35-02 | G11: UC160*160*12*8 | H11: 0.944 | I11: 1 | J11: 2383 | K11: 2238 | L11: 0 | M11: =H11*K11/1000 -> 2.112672 | N11: =ROUND(M11*I11-I11*L11,1) -> 2.1
B12: 6 | C12: S34-02 | G12: UC160*160*12*8 | H12: 0.944 | I12: 1 | J12: 2402 | K12: 2251 | L12: 0 | M12: =H12*K12/1000 -> 2.124944 | N12: =ROUND(M12*I12-I12*L12,1) -> 2.1
B13: 7 | C13: S41-03 | G13: UC160*160*12*8 | H13: 0.944 | I13: 2 | J13: 1510 | K13: 1510 | L13: 0 | M13: =H13*K13/1000 -> 1.42544 | N13: =ROUND(M13*I13-I13*L13,1) -> 2.9
B14: 8 | C14: S35-05 | G14: UC160*160*12*8 | H14: 0.944 | I14: 1 | J14: 1817 | K14: 1735 | L14: 0 | M14: =H14*K14/1000 -> 1.63784 | N14: =ROUND(M14*I14-I14*L14,1) -> 1.6
B15: 9 | C15: S45-02A | G15: UC220*210*12*8 | H15: 1.284 | I15: 1 | J15: 2446 | K15: 2229 | L15: 0 | M15: =H15*K15/1000 -> 2.862036 | N15: =ROUND(M15*I15-I15*L15,1) -> 2.9
B16: 10 | C16: S36-03 | G16: UC160*160*12*8 | H16: 0.944 | I16: 1 | J16: 1510 | K16: 1510 | L16: 0 | M16: =H16*K16/1000 -> 1.42544 | N16: =ROUND(M16*I16-I16*L16,1) -> 1.4
B17: 11 | C17: S38-05 | G17: UC160*160*12*8 | H17: 0.944 | I17: 1 | J17: 1743 | K17: 1658 | L17: 0 | M17: =H17*K17/1000 -> 1.565152 | N17: =ROUND(M17*I17-I17*L17,1) -> 1.6
B18: 12 | C18: S34-03 | G18: UC160*160*12*8 | H18: 0.944 | I18: 1 | J18: 1510 | K18: 1510 | L18: 0 | M18: =ROUNDUP(H18*K18/1000,2) -> 1.43 | N18: =M18*I18-L18*I18 -> 1.43
B19: 13 | C19: SUPPORT GRATING | G19: UC165*305*12*8 | H19: 1.254 | I19: 5 | J19: 5460 | K19: 5460 | L19: 0 | M19: =ROUNDUP(H19*K19/1000,2) -> 6.85 | N19: =M19*I19-L19*I19 -> 34.25
B20: 14 | C20: S-39-06-L | G20: UC200*210*12*10 | H20: 1.22 | I20: 2 | J20: 7829 | K20: 7829 | L20: 0 | M20: =H20*K20/1000 -> 9.55138 | N20: =ROUND(M20*I20-I20*L20,1) -> 19.1
B21: 15 | C21: S-40-06-L | G21: UC200*210*12*10 | H21: 1.22 | I21: 1 | J21: 7829 | K21: 7829 | L21: 0 | M21: =H21*K21/1000 -> 9.55138 | N21: =ROUND(M21*I21-I21*L21,1) -> 9.6
B22: 16 | C22: S-39-04-U | G22: UC200*210*12*10 | H22: 1.22 | I22: 1 | J22: 7579 | K22: 7579 | L22: 0 | M22: =H22*K22/1000 -> 9.24638 | N22: =ROUND(M22*I22-I22*L22,1) -> 9.2
B23: 17 | C23: S-38-06-L | G23: UC200*210*12*10 | H23: 1.22 | I23: 1 | J23: 7829 | K23: 7829 | L23: 0 | M23: =H23*K23/1000 -> 9.55138 | N23: =ROUND(M23*I23-I23*L23,1) -> 9.6
B24: 18 | C24: S-38-06-U | G24: UC200*210*12*10 | H24: 1.22 | I24: 1 | J24: 7829 | K24: 7829 | L24: 0 | M24: =H24*K24/1000 -> 9.55138 | N24: =ROUND(M24*I24-I24*L24,1) -> 9.6
B25: 19 | C25: S-41-04-U | G25: UC200*210*12*10 | H25: 1.22 | I25: 1 | J25: 7579 | K25: 7579 | L25: 0 | M25: =H25*K25/1000 -> 9.24638 | N25: =ROUND(M25*I25-I25*L25,1) -> 9.2
B26: 20 | C26: S-41-02-U | G26: UC200*210*12*10 | H26: 1.22 | I26: 1 | J26: 6732 | K26: 6732 | L26: 0 | M26: =H26*K26/1000 -> 8.21304 | N26: =ROUND(M26*I26-I26*L26,1) -> 8.2
B27: 21 | C27: S-36-05-L | G27: UC200*210*12*10 | H27: 1.22 | I27: 1 | J27: 5486 | K27: 5486 | L27: 0 | M27: =ROUNDUP(H27*K27/1000,2) -> 6.7 | N27: =M27*I27-L27*I27 -> 6.7
B28: 22 | C28: S-36-07-L | G28: UC200*210*12*10 | H28: 1.22 | I28: 1 | J28: 7869 | K28: 7869 | L28: 0 | M28: =H28*K28/1000 -> 9.60018 | N28: =ROUND(M28*I28-I28*L28,1) -> 9.6
B29: 23 | C29: S-39-04-L | G29: UC200*210*12*10 | H29: 1.22 | I29: 1 | J29: 7579 | K29: 7579 | L29: 0 | M29: =H29*K29/1000 -> 9.24638 | N29: =ROUND(M29*I29-I29*L29,1) -> 9.2
B30: 24 | C30: S-38-07-U | G30: UC200*210*12*10 | H30: 1.22 | I30: 1 | J30: 7619 | K30: 7619 | L30: 0 | M30: =H30*K30/1000 -> 9.29518 | N30: =ROUND(M30*I30-I30*L30,1) -> 9.3
B31: 25 | C31: S-41-06-U | G31: UC200*210*12*10 | H31: 1.22 | I31: 2 | J31: 7829 | K31: 7829 | L31: 0 | M31: =ROUNDUP(H31*K31/1000,2) -> 9.56 | N31: =M31*I31-L31*I31 -> 19.12
B32: 26 | C32: S-41-04-L | G32: UC200*210*12*10 | H32: 1.22 | I32: 1 | J32: 7579 | K32: 7579 | L32: 0 | M32: =H32*K32/1000 -> 9.24638 | N32: =ROUND(M32*I32-I32*L32,1) -> 9.2
B33: 27 | C33: S-37-07-U | G33: UC200*210*12*10 | H33: 1.22 | I33: 1 | J33: 7619 | K33: 7619 | L33: 0 | M33: =H33*K33/1000 -> 9.29518 | N33: =ROUND(M33*I33-I33*L33,1) -> 9.3
B34: 28 | C34: S41-04 | G34: UC220*210*12*8 | H34: 1.284 | I34: 3 | J34: 1510 | K34: 1510 | L34: 0 | M34: =H34*K34/1000 -> 1.93884 | N34: =ROUND(M34*I34-I34*L34,1) -> 5.8
B35: 29 | C35: S41-07 | G35: UC220*210*12*8 | H35: 1.284 | I35: 2 | J35: 1814 | K35: 1814 | L35: 0 | M35: =H35*K35/1000 -> 2.329176 | N35: =ROUND(M35*I35-I35*L35,1) -> 4.7
B36: 30 | C36: S43-04 | G36: UC220*210*12*8 | H36: 1.284 | I36: 1 | J36: 1510 | K36: 1510 | L36: 0 | M36: =ROUNDUP(H36*K36/1000,2) -> 1.94 | N36: =M36*I36-L36*I36 -> 1.94
B37: 31 | C37: S39-03 | G37: UC160*160*12*8 | H37: 0.944 | I37: 4 | J37: 1510 | K37: 1510 | L37: 0 | M37: =H37*K37/1000 -> 1.42544 | N37: =ROUND(M37*I37-I37*L37,1) -> 5.7
B38: 32 | C38: S37-05 | G38: UC160*160*12*8 | H38: 0.944 | I38: 2 | J38: 1817 | K38: 1735 | L38: 0 | M38: =H38*K38/1000 -> 1.63784 | N38: =ROUND(M38*I38-I38*L38,1) -> 3.3
B39: 33 | C39: S36-05 | G39: UC160*160*12*8 | H39: 0.944 | I39: 1 | J39: 1909 | K39: 1834 | L39: 0 | M39: =H39*K39/1000 -> 1.731296 | N39: =ROUND(M39*I39-I39*L39,1) -> 1.7
B40: 34 | C40: S43-B-05 | G40: UC160*160*12*8 | H40: 0.944 | I40: 1 | J40: 2237 | K40: 2117 | L40: 0 | M40: =H40*K40/1000 -> 1.998448 | N40: =ROUND(M40*I40-I40*L40,1) -> 2
B41: 35 | C41: S42- G′-02 | G41: UC160*155*10*8 | H41: 0.934 | I41: 1 | J41: 2171 | K41: 2060 | L41: 0 | M41: =H41*K41/1000 -> 1.92404 | N41: =ROUND(M41*I41-I41*L41,1) -> 1.9
B42: 36 | C42: S42-F-05 | G42: UC160*160*12*8 | H42: 0.944 | I42: 1 | J42: 2237 | K42: 2117 | L42: 0 | M42: =H42*K42/1000 -> 1.998448 | N42: =ROUND(M42*I42-I42*L42,1) -> 2
B43: 37 | C43: S41-F-03 | G43: UC160*160*12*8 | H43: 0.944 | I43: 1 | J43: 2330 | K43: 2199 | L43: 0 | M43: =H43*K43/1000 -> 2.075856 | N43: =ROUND(M43*I43-I43*L43,1) -> 2.1
B44: 38 | C44: S42-B-03 | G44: UC160*160*12*8 | H44: 0.944 | I44: 1 | J44: 2330 | K44: 2199 | L44: 0 | M44: =H44*K44/1000 -> 2.075856 | N44: =ROUND(M44*I44-I44*L44,1) -> 2.1
B45: 39 | C45: S43-B-03 | G45: UC160*160*12*8 | H45: 0.944 | I45: 1 | J45: 2330 | K45: 2199 | L45: 0 | M45: =ROUNDUP(H45*K45/1000,2) -> 2.08 | N45: =M45*I45-L45*I45 -> 2.08
B46: 40 | C46: S45-05 | G46: UC220*210*12*8 | H46: 1.284 | I46: 1 | J46: 2383 | K46: 2228 | L46: 0 | M46: =ROUNDUP(H46*K46/1000,2) -> 2.87 | N46: =M46*I46-L46*I46 -> 2.87
B47: 41 | C47: S35-03 | G47: UC160*160*12*8 | H47: 0.944 | I47: 1 | J47: 1510 | K47: 1510 | L47: 0 | M47: =H47*K47/1000 -> 1.42544 | N47: =ROUND(M47*I47-I47*L47,1) -> 1.4
B48: 42 | C48: S37-03 | G48: UC160*160*12*8 | H48: 0.944 | I48: 1 | J48: 1510 | K48: 1510 | L48: 0 | M48: =H48*K48/1000 -> 1.42544 | N48: =ROUND(M48*I48-I48*L48,1) -> 1.4
B49: 43 | C49: S38-03 | G49: UC160*160*12*8 | H49: 0.944 | I49: 1 | J49: 1510 | K49: 1510 | L49: 0 | M49: =H49*K49/1000 -> 1.42544 | N49: =ROUND(M49*I49-I49*L49,1) -> 1.4
B50: 44 | C50: S35-05 | G50: UC160*160*12*8 | H50: 0.944 | I50: 1 | J50: 1817 | K50: 1735 | L50: 0 | M50: =H50*K50/1000 -> 1.63784 | N50: =ROUND(M50*I50-I50*L50,1) -> 1.6
B51: 45 | C51: S-37-04-L | G51: UC200*210*12*10 | H51: 1.22 | I51: 1 | J51: 7579 | K51: 7579 | L51: 0 | M51: =H51*K51/1000 -> 9.24638 | N51: =ROUND(M51*I51-I51*L51,1) -> 9.2
B52: 46 | C52: S-37-02-U | G52: UC200*210*12*10 | H52: 1.22 | I52: 1 | J52: 6970 | K52: 6970 | L52: 0 | M52: =H52*K52/1000 -> 8.5034 | N52: =ROUND(M52*I52-I52*L52,1) -> 8.5
B53: 47 | C53: S-36-04-U | G53: UC200*210*12*10 | H53: 1.22 | I53: 1 | J53: 7579 | K53: 7579 | L53: 0 | M53: =H53*K53/1000 -> 9.24638 | N53: =ROUND(M53*I53-I53*L53,1) -> 9.2
B54: 48 | C54: S-36-05-U | G54: UC200*210*12*10 | H54: 1.22 | I54: 1 | J54: 5486 | K54: 5486 | L54: 0 | M54: =ROUNDUP(H54*K54/1000,2) -> 6.7 | N54: =M54*I54-L54*I54 -> 6.7
B55: 49 | C55: S-37-05-L | G55: UC200*210*12*10 | H55: 1.22 | I55: 1 | J55: 5486 | K55: 5486 | L55: 0 | M55: =H55*K55/1000 -> 6.69292 | N55: =ROUND(M55*I55-I55*L55,1) -> 6.7
B56: 50 | C56: S-38-07-L | G56: UC200*210*12*10 | H56: 1.22 | I56: 1 | J56: 7619 | K56: 7619 | L56: 0 | M56: =H56*K56/1000 -> 9.29518 | N56: =ROUND(M56*I56-I56*L56,1) -> 9.3
B57: 51 | C57: S-41-07-L | G57: UC200*210*12*10 | H57: 1.22 | I57: 1 | J57: 7869 | K57: 7869 | L57: 0 | M57: =H57*K57/1000 -> 9.60018 | N57: =ROUND(M57*I57-I57*L57,1) -> 9.6
B58: جمع کل | N58: =SUM(N7:N57) -> 327.53
B59: جمع کل دو لایه | N59: 655
B60: پیمانکار : تاریخ : | I60: دستگاه نظارت : تاریخ :
B62: منبع مدرک: کارفرما ناظر مقیم پروژه امور قرارداد ها بایگانی دستگاه نظارت پیمانکار

Sheet PNT-G-127
B1: صورت مجلس | E1: شماره ویرایش مدرک: | H1: تاریخ ویرایش مدرک: | K1: EC-01-F-09
F4: صورتمجلس
B11: نام پروژه: تعمیرات اساسی ضلع جنوبی اسکله شرقی جزیره خارگ ازمحور19الی45 (PC) | F11: شماره صورت PNT-G-127 | J11: تاریخ :1404/07/28
B14: نام پیمانکار: شرکت صنایع فرا ساحل (صف) | F14: شماره قرارداد: 11048-73-38 | J14: تعداد صفحات پيوست: 5 صفحه
B17: موضـوع: اضافه بهای اعمال رنگ High Solid GLASS FLAKE EPOXY به وسیله دستگاه رنگ پاش بدون هوا (Airless) به ضخامت 250 میکرون در اسکله ( در صورتی که سطح مورد نظر ، لوله تا 8 اینچ یا مقاطع فولادی تا 200 میلی متر باشد.)
B20: بدینوسیله امضا کنندگان ذیل تایید می نمایند , عملیات اعمال رنگ High Solid GLASS FLAKE EPOXY به وسیله دستگاه رنگ پاش بدون هوا (Airless) به ضخامت 250 میکرون در اسکله بر روی المان های ناحیه حد فاصل محور های 19 الی 45 ضلع جنوبی اسکله شرقی مطابق با ریزمتره پیوست به مساحت 618/6 متر مربع انجام گردید.
B26: ردیف | C26: ردیف فهرست بها | E26: شرح | I26: مقدار | K26: واحد
B28: 21 | C28: 641903122 | E28: اضافه بهای اعمال رنگ High Solid GLASS FLAKE EPOXY به وسیله دستگاه رنگ پاش بدون هوا (Airless) به ضخامت 250 میکرون در اسکله ( در صورتی که سطح مورد نظر ، لوله تا 8 اینچ یا مقاطع فولادی تا 200 میلی متر باشد.) | I28: 618/6 | K28: متر مربع
B31: پیمانکار | F31: دستگاه نظارت | J31: کار فرما
B35: منبع مدرک: کارفرما ناظر مقیم پروژه امور قرارداد ها بایگانی دستگاه نظارت پیمانکار

Sheet  المان PNT-G-127
G2: شماره صورتمجلس PNT-G-127
B4: موضـوع: اضافه بهای اعمال رنگ High Solid GLASS FLAKE Epoxy به وسیله دستگاه رنگ پاش بدون هوا (Airless) به ضخامت 250 میکرون در اسکله ( در صورتی که سطح مورد نظر ، لوله تا 8 اینچ یا مقاطع فولادی تا 200 میلی متر باشد.)
B5: موقعیت: محورهای 19 الی 45
B6: ردیف | C6: شرح | H6: سطح واحد(m2) | I6: تعداد | J6: طول/ابعاد (mm) | K6: طول/ابعاد موثر (mm) | L6: همپوشانی یک المان (m2) | M6: سطح یک المان(m2) | N6: سطح کل(m2)
B7: 1 | C7: S36-02 | G7: UC160*160*12*8 | H7: 0.944 | I7: 5 | J7: 2383 | K7: 2238 | L7: 0 | M7: =H7*K7/1000 -> 2.112672 | N7: =ROUND(M7*I7-I7*L7,1) -> 10.6 | AC7: REPORT 116 - FINISH COAT
B8: 2 | C8: S42-03 | G8: UC160*160*12*8 | H8: 0.944 | I8: 3 | J8: 1510 | K8: 1510 | L8: 0 | M8: =H8*K8/1000 -> 1.42544 | N8: =ROUND(M8*I8-I8*L8,1) -> 4.3 | AC8: REPORT 117 - FINISH COAT
B9: 3 | C9: S39-05 | G9: UC160*160*12*8 | H9: 0.944 | I9: 1 | J9: 1817 | K9: 1735 | L9: 0 | M9: =ROUNDUP(H9*K9/1000,2) -> 1.64 | N9: =M9*I9-L9*I9 -> 1.64 | AC9: REPORT 118 - FINISH COAT
B10: 4 | C10: S38-02 | G10: UC160*160*12*8 | H10: 0.944 | I10: 5 | J10: 2402 | K10: 2251 | L10: 0 | M10: =H10*K10/1000 -> 2.124944 | N10: =ROUND(M10*I10-I10*L10,1) -> 10.6
B11: 5 | C11: S35-02 | G11: UC160*160*12*8 | H11: 0.944 | I11: 1 | J11: 2383 | K11: 2238 | L11: 0 | M11: =H11*K11/1000 -> 2.112672 | N11: =ROUND(M11*I11-I11*L11,1) -> 2.1
B12: 6 | C12: S34-02 | G12: UC160*160*12*8 | H12: 0.944 | I12: 1 | J12: 2402 | K12: 2251 | L12: 0 | M12: =H12*K12/1000 -> 2.124944 | N12: =ROUND(M12*I12-I12*L12,1) -> 2.1
B13: 7 | C13: S41-03 | G13: UC160*160*12*8 | H13: 0.944 | I13: 2 | J13: 1510 | K13: 1510 | L13: 0 | M13: =H13*K13/1000 -> 1.42544 | N13: =ROUND(M13*I13-I13*L13,1) -> 2.9
B14: 8 | C14: S35-05 | G14: UC160*160*12*8 | H14: 0.944 | I14: 1 | J14: 1817 | K14: 1735 | L14: 0 | M14: =H14*K14/1000 -> 1.63784 | N14: =ROUND(M14*I14-I14*L14,1) -> 1.6
B15: 9 | C15: S45-02A | G15: UC220*210*12*8 | H15: 1.284 | I15: 0 | J15: 2446 | K15: 2229 | L15: 0 | M15: =H15*K15/1000 -> 2.862036 | N15: =ROUND(M15*I15-I15*L15,1) -> 0
B16: 10 | C16: S36-03 | G16: UC160*160*12*8 | H16: 0.944 | I16: 1 | J16: 1510 | K16: 1510 | L16: 0 | M16: =H16*K16/1000 -> 1.42544 | N16: =ROUND(M16*I16-I16*L16,1) -> 1.4
B17: 11 | C17: S38-05 | G17: UC160*160*12*8 | H17: 0.944 | I17: 1 | J17: 1743 | K17: 1658 | L17: 0 | M17: =H17*K17/1000 -> 1.565152 | N17: =ROUND(M17*I17-I17*L17,1) -> 1.6
B18: 12 | C18: S34-03 | G18: UC160*160*12*8 | H18: 0.944 | I18: 1 | J18: 1510 | K18: 1510 | L18: 0 | M18: =ROUNDUP(H18*K18/1000,2) -> 1.43 | N18: =M18*I18-L18*I18 -> 1.43
B19: 13 | C19: SUPPORT GRATING | G19: UC165*305*12*8 | H19: 1.254 | I19: 5 | J19: 5460 | K19: 5460 | L19: 0 | M19: =ROUNDUP(H19*K19/1000,2) -> 6.85 | N19: =M19*I19-L19*I19 -> 34.25
B20: 14 | C20: S-39-06-L | G20: UC200*210*12*10 | H20: 1.22 | I20: 2 | J20: 7829 | K20: 7829 | L20: 0 | M20: =H20*K20/1000 -> 9.55138 | N20: =ROUND(M20*I20-I20*L20,1) -> 19.1
B21: 15 | C21: S-40-06-L | G21: UC200*210*12*10 | H21: 1.22 | I21: 1 | J21: 7829 | K21: 7829 | L21: 0 | M21: =H21*K21/1000 -> 9.55138 | N21: =ROUND(M21*I21-I21*L21,1) -> 9.6
B22: 16 | C22: S-39-04-U | G22: UC200*210*12*10 | H22: 1.22 | I22: 1 | J22: 7579 | K22: 7579 | L22: 0 | M22: =H22*K22/1000 -> 9.24638 | N22: =ROUND(M22*I22-I22*L22,1) -> 9.2
B23: 17 | C23: S-38-06-L | G23: UC200*210*12*10 | H23: 1.22 | I23: 1 | J23: 7829 | K23: 7829 | L23: 0 | M23: =H23*K23/1000 -> 9.55138 | N23: =ROUND(M23*I23-I23*L23,1) -> 9.6
B24: 18 | C24: S-38-06-U | G24: UC200*210*12*10 | H24: 1.22 | I24: 1 | J24: 7829 | K24: 7829 | L24: 0 | M24: =H24*K24/1000 -> 9.55138 | N24: =ROUND(M24*I24-I24*L24,1) -> 9.6
B25: 19 | C25: S-41-04-U | G25: UC200*210*12*10 | H25: 1.22 | I25: 1 | J25: 7579 | K25: 7579 | L25: 0 | M25: =H25*K25/1000 -> 9.24638 | N25: =ROUND(M25*I25-I25*L25,1) -> 9.2
B26: 20 | C26: S-41-02-U | G26: UC200*210*12*10 | H26: 1.22 | I26: 1 | J26: 6732 | K26: 6732 | L26: 0 | M26: =H26*K26/1000 -> 8.21304 | N26: =ROUND(M26*I26-I26*L26,1) -> 8.2
B27: 21 | C27: S-36-05-L | G27: UC200*210*12*10 | H27: 1.22 | I27: 1 | J27: 5486 | K27: 5486 | L27: 0 | M27: =ROUNDUP(H27*K27/1000,2) -> 6.7 | N27: =M27*I27-L27*I27 -> 6.7
B28: 22 | C28: S-36-07-L | G28: UC200*210*12*10 | H28: 1.22 | I28: 1 | J28: 7869 | K28: 7869 | L28: 0 | M28: =H28*K28/1000 -> 9.60018 | N28: =ROUND(M28*I28-I28*L28,1) -> 9.6
B29: 23 | C29: S-39-04-L | G29: UC200*210*12*10 | H29: 1.22 | I29: 1 | J29: 7579 | K29: 7579 | L29: 0 | M29: =H29*K29/1000 -> 9.24638 | N29: =ROUND(M29*I29-I29*L29,1) -> 9.2
B30: 24 | C30: S-38-07-U | G30: UC200*210*12*10 | H30: 1.22 | I30: 1 | J30: 7619 | K30: 7619 | L30: 0 | M30: =H30*K30/1000 -> 9.29518 | N30: =ROUND(M30*I30-I30*L30,1) -> 9.3
B31: 25 | C31: S-41-06-U | G31: UC200*210*12*10 | H31: 1.22 | I31: 2 | J31: 7829 | K31: 7829 | L31: 0 | M31: =ROUNDUP(H31*K31/1000,2) -> 9.56 | N31: =M31*I31-L31*I31 -> 19.12
B32: 26 | C32: S-41-04-L | G32: UC200*210*12*10 | H32: 1.22 | I32: 1 | J32: 7579 | K32: 7579 | L32: 0 | M32: =H32*K32/1000 -> 9.24638 | N32: =ROUND(M32*I32-I32*L32,1) -> 9.2
B33: 27 | C33: S-37-07-U | G33: UC200*210*12*10 | H33: 1.22 | I33: 1 | J33: 7619 | K33: 7619 | L33: 0 | M33: =H33*K33/1000 -> 9.29518 | N33: =ROUND(M33*I33-I33*L33,1) -> 9.3
B34: 28 | C34: S41-04 | G34: UC220*210*12*8 | H34: 1.284 | I34: 0 | J34: 1510 | K34: 1510 | L34: 0 | M34: =H34*K34/1000 -> 1.93884 | N34: =ROUND(M34*I34-I34*L34,1) -> 0
B35: 29 | C35: S41-07 | G35: UC220*210*12*8 | H35: 1.284 | I35: 0 | J35: 1814 | K35: 1814 | L35: 0 | M35: =H35*K35/1000 -> 2.329176 | N35: =ROUND(M35*I35-I35*L35,1) -> 0
B36: 30 | C36: S43-04 | G36: UC220*210*12*8 | H36: 1.284 | I36: 0 | J36: 1510 | K36: 1510 | L36: 0 | M36: =ROUNDUP(H36*K36/1000,2) -> 1.94 | N36: =M36*I36-L36*I36 -> 0
B37: 31 | C37: S39-03 | G37: UC160*160*12*8 | H37: 0.944 | I37: 4 | J37: 1510 | K37: 1510 | L37: 0 | M37: =H37*K37/1000 -> 1.42544 | N37: =ROUND(M37*I37-I37*L37,1) -> 5.7
B38: 32 | C38: S37-05 | G38: UC160*160*12*8 | H38: 0.944 | I38: 2 | J38: 1817 | K38: 1735 | L38: 0 | M38: =H38*K38/1000 -> 1.63784 | N38: =ROUND(M38*I38-I38*L38,1) -> 3.3
B39: 33 | C39: S36-05 | G39: UC160*160*12*8 | H39: 0.944 | I39: 1 | J39: 1909 | K39: 1834 | L39: 0 | M39: =H39*K39/1000 -> 1.731296 | N39: =ROUND(M39*I39-I39*L39,1) -> 1.7
B40: 34 | C40: S43-B-05 | G40: UC160*160*12*8 | H40: 0.944 | I40: 1 | J40: 2237 | K40: 2117 | L40: 0 | M40: =H40*K40/1000 -> 1.998448 | N40: =ROUND(M40*I40-I40*L40,1) -> 2
B41: 35 | C41: S42- G′-02 | G41: UC160*155*10*8 | H41: 0.934 | I41: 1 | J41: 2171 | K41: 2060 | L41: 0 | M41: =H41*K41/1000 -> 1.92404 | N41: =ROUND(M41*I41-I41*L41,1) -> 1.9
B42: 36 | C42: S42-F-05 | G42: UC160*160*12*8 | H42: 0.944 | I42: 1 | J42: 2237 | K42: 2117 | L42: 0 | M42: =H42*K42/1000 -> 1.998448 | N42: =ROUND(M42*I42-I42*L42,1) -> 2
B43: 37 | C43: S41-F-03 | G43: UC160*160*12*8 | H43: 0.944 | I43: 1 | J43: 2330 | K43: 2199 | L43: 0 | M43: =H43*K43/1000 -> 2.075856 | N43: =ROUND(M43*I43-I43*L43,1) -> 2.1
B44: 38 | C44: S42-B-03 | G44: UC160*160*12*8 | H44: 0.944 | I44: 1 | J44: 2330 | K44: 2199 | L44: 0 | M44: =H44*K44/1000 -> 2.075856 | N44: =ROUND(M44*I44-I44*L44,1) -> 2.1
B45: 39 | C45: S43-B-03 | G45: UC160*160*12*8 | H45: 0.944 | I45: 1 | J45: 2330 | K45: 2199 | L45: 0 | M45: =ROUNDUP(H45*K45/1000,2) -> 2.08 | N45: =M45*I45-L45*I45 -> 2.08
B46: 40 | C46: S45-05 | G46: UC220*210*12*8 | H46: 1.284 | I46: 0 | J46: 2383 | K46: 2228 | L46: 0 | M46: =ROUNDUP(H46*K46/1000,2) -> 2.87 | N46: =M46*I46-L46*I46 -> 0
B47: 41 | C47: S35-03 | G47: UC160*160*12*8 | H47: 0.944 | I47: 1 | J47: 1510 | K47: 1510 | L47: 0 | M47: =H47*K47/1000 -> 1.42544 | N47: =ROUND(M47*I47-I47*L47,1) -> 1.4
B48: 42 | C48: S37-03 | G48: UC160*160*12*8 | H48: 0.944 | I48: 1 | J48: 1510 | K48: 1510 | L48: 0 | M48: =H48*K48/1000 -> 1.42544 | N48: =ROUND(M48*I48-I48*L48,1) -> 1.4
B49: 43 | C49: S38-03 | G49: UC160*160*12*8 | H49: 0.944 | I49: 1 | J49: 1510 | K49: 1510 | L49: 0 | M49: =H49*K49/1000 -> 1.42544 | N49: =ROUND(M49*I49-I49*L49,1) -> 1.4
B50: 44 | C50: S35-05 | G50: UC160*160*12*8 | H50: 0.944 | I50: 1 | J50: 1817 | K50: 1735 | L50: 0 | M50: =H50*K50/1000 -> 1.63784 | N50: =ROUND(M50*I50-I50*L50,1) -> 1.6
B51: 45 | C51: S-37-04-L | G51: UC200*210*12*10 | H51: 1.22 | I51: 1 | J51: 7579 | K51: 7579 | L51: 0 | M51: =H51*K51/1000 -> 9.24638 | N51: =ROUND(M51*I51-I51*L51,1) -> 9.2
B52: 46 | C52: S-37-02-U | G52: UC200*210*12*10 | H52: 1.22 | I52: 1 | J52: 6970 | K52: 6970 | L52: 0 | M52: =H52*K52/1000 -> 8.5034 | N52: =ROUND(M52*I52-I52*L52,1) -> 8.5
B53: 47 | C53: S-36-04-U | G53: UC200*210*12*10 | H53: 1.22 | I53: 1 | J53: 7579 | K53: 7579 | L53: 0 | M53: =H53*K53/1000 -> 9.24638 | N53: =ROUND(M53*I53-I53*L53,1) -> 9.2
B54: 48 | C54: S-36-05-U | G54: UC200*210*12*10 | H54: 1.22 | I54: 1 | J54: 5486 | K54: 5486 | L54: 0 | M54: =ROUNDUP(H54*K54/1000,2) -> 6.7 | N54: =M54*I54-L54*I54 -> 6.7
B55: 49 | C55: S-37-05-L | G55: UC200*210*12*10 | H55: 1.22 | I55: 1 | J55: 5486 | K55: 5486 | L55: 0 | M55: =H55*K55/1000 -> 6.69292 | N55: =ROUND(M55*I55-I55*L55,1) -> 6.7
B56: 50 | C56: S-38-07-L | G56: UC200*210*12*10 | H56: 1.22 | I56: 1 | J56: 7619 | K56: 7619 | L56: 0 | M56: =H56*K56/1000 -> 9.29518 | N56: =ROUND(M56*I56-I56*L56,1) -> 9.3
B57: 51 | C57: S-41-07-L | G57: UC200*210*12*10 | H57: 1.22 | I57: 1 | J57: 7869 | K57: 7869 | L57: 0 | M57: =H57*K57/1000 -> 9.60018 | N57: =ROUND(M57*I57-I57*L57,1) -> 9.6
B58: جمع کل | N58: =SUM(N7:N57) -> 309.32
B59: جمع کل دو لایه | N59: =N58*2 -> 618.64
B60: پیمانکار : تاریخ : | I60: دستگاه نظارت : تاریخ :
B62: منبع مدرک: کارفرما ناظر مقیم پروژه امور قرارداد ها بایگانی دستگاه نظارت پیمانکار

Sheet PNT-G-126
B1: صورت مجلس | E1: شماره ویرایش مدرک: | H1: تاریخ ویرایش مدرک: | K1: EC-01-F-09
F4: صورتمجلس
B11: نام پروژه: تعمیرات اساسی ضلع جنوبی اسکله شرقی جزیره خارگ ازمحور19الی45 (PC) | F11: شماره صورت PNT-G-126 | J11: تاریخ :1404/07/28
B14: نام پیمانکار: شرکت صنایع فرا ساحل (صف) | F14: شماره قرارداد: 11048-73-38 | J14: تعداد صفحات پيوست: 5 صفحه
B17: موضـوع: اعمال رنگ High Solid GLASS FLAKE EPOXY به وسیله دستگاه رنگ پاش بدون هوا (Airless) به ضخامت 250 میکرون در اسکله
B20: بدینوسیله امضا کنندگان ذیل تایید می نمایند , عملیات اعمال رنگ High Solid GLASS FLAKE EPOXY به وسیله دستگاه رنگ پاش بدون هوا (Airless) به ضخامت 250 میکرون در اسکله بر روی المان های ناحیه حد فاصل محور های 19 الی 45 ضلع جنوبی اسکله شرقی مطابق با ریزمتره پیوست به مساحت 655/0 متر مربع انجام گردید.
B26: ردیف | C26: ردیف فهرست بها | E26: شرح | I26: مقدار | K26: واحد
B28: 17 | C28: 641903107 | E28: اعمال رنگ High Solid GLASS FLAKE EPOXY به وسیله دستگاه رنگ پاش بدون هوا (Airless) به ضخامت 250 میکرون در اسکله | I28: 655/0 | K28: متر مربع
B31: پیمانکار | F31: دستگاه نظارت | J31: کار فرما
B35: منبع مدرک: کارفرما ناظر مقیم پروژه امور قرارداد ها بایگانی دستگاه نظارت پیمانکار

Sheet  المان PNT-G-126
G2: شماره صورتمجلس PNT-G-126
B4: موضـوع: اعمال رنگ High Solid GLASS FLAKE EPOXY به وسیله دستگاه رنگ پاش بدون هوا (Airless) به ضخامت 250 میکرون در اسکله
B5: موقعیت: محورهای 19 الی 45
B6: ردیف | C6: شرح | H6: سطح واحد(m2) | I6: تعداد | J6: طول/ابعاد (mm) | K6: طول/ابعاد موثر (mm) | L6: همپوشانی یک المان (m2) | M6: سطح یک المان(m2) | N6: سطح کل(m2)
B7: 1 | C7: S36-02 | G7: UC160*160*12*8 | H7: 0.944 | I7: 5 | J7: 2383 | K7: 2238 | L7: 0 | M7: =H7*K7/1000 -> 2.112672 | N7: =ROUND(M7*I7-I7*L7,1) -> 10.6 | AC7: REPORT 116 - FINISH COAT
B8: 2 | C8: S42-03 | G8: UC160*160*12*8 | H8: 0.944 | I8: 3 | J8: 1510 | K8: 1510 | L8: 0 | M8: =H8*K8/1000 -> 1.42544 | N8: =ROUND(M8*I8-I8*L8,1) -> 4.3 | AC8: REPORT 117 - FINISH COAT
B9: 3 | C9: S39-05 | G9: UC160*160*12*8 | H9: 0.944 | I9: 1 | J9: 1817 | K9: 1735 | L9: 0 | M9: =ROUNDUP(H9*K9/1000,2) -> 1.64 | N9: =M9*I9-L9*I9 -> 1.64 | AC9: REPORT 118 - FINISH COAT
B10: 4 | C10: S38-02 | G10: UC160*160*12*8 | H10: 0.944 | I10: 5 | J10: 2402 | K10: 2251 | L10: 0 | M10: =H10*K10/1000 -> 2.124944 | N10: =ROUND(M10*I10-I10*L10,1) -> 10.6
B11: 5 | C11: S35-02 | G11: UC160*160*12*8 | H11: 0.944 | I11: 1 | J11: 2383 | K11: 2238 | L11: 0 | M11: =H11*K11/1000 -> 2.112672 | N11: =ROUND(M11*I11-I11*L11,1) -> 2.1
B12: 6 | C12: S34-02 | G12: UC160*160*12*8 | H12: 0.944 | I12: 1 | J12: 2402 | K12: 2251 | L12: 0 | M12: =H12*K12/1000 -> 2.124944 | N12: =ROUND(M12*I12-I12*L12,1) -> 2.1
B13: 7 | C13: S41-03 | G13: UC160*160*12*8 | H13: 0.944 | I13: 2 | J13: 1510 | K13: 1510 | L13: 0 | M13: =H13*K13/1000 -> 1.42544 | N13: =ROUND(M13*I13-I13*L13,1) -> 2.9
B14: 8 | C14: S35-05 | G14: UC160*160*12*8 | H14: 0.944 | I14: 1 | J14: 1817 | K14: 1735 | L14: 0 | M14: =H14*K14/1000 -> 1.63784 | N14: =ROUND(M14*I14-I14*L14,1) -> 1.6
B15: 9 | C15: S45-02A | G15: UC220*210*12*8 | H15: 1.284 | I15: 1 | J15: 2446 | K15: 2229 | L15: 0 | M15: =H15*K15/1000 -> 2.862036 | N15: =ROUND(M15*I15-I15*L15,1) -> 2.9
B16: 10 | C16: S36-03 | G16: UC160*160*12*8 | H16: 0.944 | I16: 1 | J16: 1510 | K16: 1510 | L16: 0 | M16: =H16*K16/1000 -> 1.42544 | N16: =ROUND(M16*I16-I16*L16,1) -> 1.4
B17: 11 | C17: S38-05 | G17: UC160*160*12*8 | H17: 0.944 | I17: 1 | J17: 1743 | K17: 1658 | L17: 0 | M17: =H17*K17/1000 -> 1.565152 | N17: =ROUND(M17*I17-I17*L17,1) -> 1.6
B18: 12 | C18: S34-03 | G18: UC160*160*12*8 | H18: 0.944 | I18: 1 | J18: 1510 | K18: 1510 | L18: 0 | M18: =ROUNDUP(H18*K18/1000,2) -> 1.43 | N18: =M18*I18-L18*I18 -> 1.43
B19: 13 | C19: SUPPORT GRATING | G19: UC165*305*12*8 | H19: 1.254 | I19: 5 | J19: 5460 | K19: 5460 | L19: 0 | M19: =ROUNDUP(H19*K19/1000,2) -> 6.85 | N19: =M19*I19-L19*I19 -> 34.25
B20: 14 | C20: S-39-06-L | G20: UC200*210*12*10 | H20: 1.22 | I20: 2 | J20: 7829 | K20: 7829 | L20: 0 | M20: =H20*K20/1000 -> 9.55138 | N20: =ROUND(M20*I20-I20*L20,1) -> 19.1
B21: 15 | C21: S-40-06-L | G21: UC200*210*12*10 | H21: 1.22 | I21: 1 | J21: 7829 | K21: 7829 | L21: 0 | M21: =H21*K21/1000 -> 9.55138 | N21: =ROUND(M21*I21-I21*L21,1) -> 9.6
B22: 16 | C22: S-39-04-U | G22: UC200*210*12*10 | H22: 1.22 | I22: 1 | J22: 7579 | K22: 7579 | L22: 0 | M22: =H22*K22/1000 -> 9.24638 | N22: =ROUND(M22*I22-I22*L22,1) -> 9.2
B23: 17 | C23: S-38-06-L | G23: UC200*210*12*10 | H23: 1.22 | I23: 1 | J23: 7829 | K23: 7829 | L23: 0 | M23: =H23*K23/1000 -> 9.55138 | N23: =ROUND(M23*I23-I23*L23,1) -> 9.6
B24: 18 | C24: S-38-06-U | G24: UC200*210*12*10 | H24: 1.22 | I24: 1 | J24: 7829 | K24: 7829 | L24: 0 | M24: =H24*K24/1000 -> 9.55138 | N24: =ROUND(M24*I24-I24*L24,1) -> 9.6
B25: 19 | C25: S-41-04-U | G25: UC200*210*12*10 | H25: 1.22 | I25: 1 | J25: 7579 | K25: 7579 | L25: 0 | M25: =H25*K25/1000 -> 9.24638 | N25: =ROUND(M25*I25-I25*L25,1) -> 9.2
B26: 20 | C26: S-41-02-U | G26: UC200*210*12*10 | H26: 1.22 | I26: 1 | J26: 6732 | K26: 6732 | L26: 0 | M26: =H26*K26/1000 -> 8.21304 | N26: =ROUND(M26*I26-I26*L26,1) -> 8.2
B27: 21 | C27: S-36-05-L | G27: UC200*210*12*10 | H27: 1.22 | I27: 1 | J27: 5486 | K27: 5486 | L27: 0 | M27: =ROUNDUP(H27*K27/1000,2) -> 6.7 | N27: =M27*I27-L27*I27 -> 6.7
B28: 22 | C28: S-36-07-L | G28: UC200*210*12*10 | H28: 1.22 | I28: 1 | J28: 7869 | K28: 7869 | L28: 0 | M28: =H28*K28/1000 -> 9.60018 | N28: =ROUND(M28*I28-I28*L28,1) -> 9.6
B29: 23 | C29: S-39-04-L | G29: UC200*210*12*10 | H29: 1.22 | I29: 1 | J29: 7579 | K29: 7579 | L29: 0 | M29: =H29*K29/1000 -> 9.24638 | N29: =ROUND(M29*I29-I29*L29,1) -> 9.2
B30: 24 | C30: S-38-07-U | G30: UC200*210*12*10 | H30: 1.22 | I30: 1 | J30: 7619 | K30: 7619 | L30: 0 | M30: =H30*K30/1000 -> 9.29518 | N30: =ROUND(M30*I30-I30*L30,1) -> 9.3
B31: 25 | C31: S-41-06-U | G31: UC200*210*12*10 | H31: 1.22 | I31: 2 | J31: 7829 | K31: 7829 | L31: 0 | M31: =ROUNDUP(H31*K31/1000,2) -> 9.56 | N31: =M31*I31-L31*I31 -> 19.12
B32: 26 | C32: S-41-04-L | G32: UC200*210*12*10 | H32: 1.22 | I32: 1 | J32: 7579 | K32: 7579 | L32: 0 | M32: =H32*K32/1000 -> 9.24638 | N32: =ROUND(M32*I32-I32*L32,1) -> 9.2
B33: 27 | C33: S-37-07-U | G33: UC200*210*12*10 | H33: 1.22 | I33: 1 | J33: 7619 | K33: 7619 | L33: 0 | M33: =H33*K33/1000 -> 9.29518 | N33: =ROUND(M33*I33-I33*L33,1) -> 9.3
B34: 28 | C34: S41-04 | G34: UC220*210*12*8 | H34: 1.284 | I34: 3 | J34: 1510 | K34: 1510 | L34: 0 | M34: =H34*K34/1000 -> 1.93884 | N34: =ROUND(M34*I34-I34*L34,1) -> 5.8
B35: 29 | C35: S41-07 | G35: UC220*210*12*8 | H35: 1.284 | I35: 2 | J35: 1814 | K35: 1814 | L35: 0 | M35: =H35*K35/1000 -> 2.329176 | N35: =ROUND(M35*I35-I35*L35,1) -> 4.7
B36: 30 | C36: S43-04 | G36: UC220*210*12*8 | H36: 1.284 | I36: 1 | J36: 1510 | K36: 1510 | L36: 0 | M36: =ROUNDUP(H36*K36/1000,2) -> 1.94 | N36: =M36*I36-L36*I36 -> 1.94
B37: 31 | C37: S39-03 | G37: UC160*160*12*8 | H37: 0.944 | I37: 4 | J37: 1510 | K37: 1510 | L37: 0 | M37: =H37*K37/1000 -> 1.42544 | N37: =ROUND(M37*I37-I37*L37,1) -> 5.7
B38: 32 | C38: S37-05 | G38: UC160*160*12*8 | H38: 0.944 | I38: 2 | J38: 1817 | K38: 1735 | L38: 0 | M38: =H38*K38/1000 -> 1.63784 | N38: =ROUND(M38*I38-I38*L38,1) -> 3.3
B39: 33 | C39: S36-05 | G39: UC160*160*12*8 | H39: 0.944 | I39: 1 | J39: 1909 | K39: 1834 | L39: 0 | M39: =H39*K39/1000 -> 1.731296 | N39: =ROUND(M39*I39-I39*L39,1) -> 1.7
B40: 34 | C40: S43-B-05 | G40: UC160*160*12*8 | H40: 0.944 | I40: 1 | J40: 2237 | K40: 2117 | L40: 0 | M40: =H40*K40/1000 -> 1.998448 | N40: =ROUND(M40*I40-I40*L40,1) -> 2
B41: 35 | C41: S42- G′-02 | G41: UC160*155*10*8 | H41: 0.934 | I41: 1 | J41: 2171 | K41: 2060 | L41: 0 | M41: =H41*K41/1000 -> 1.92404 | N41: =ROUND(M41*I41-I41*L41,1) -> 1.9
B42: 36 | C42: S42-F-05 | G42: UC160*160*12*8 | H42: 0.944 | I42: 1 | J42: 2237 | K42: 2117 | L42: 0 | M42: =H42*K42/1000 -> 1.998448 | N42: =ROUND(M42*I42-I42*L42,1) -> 2
B43: 37 | C43: S41-F-03 | G43: UC160*160*12*8 | H43: 0.944 | I43: 1 | J43: 2330 | K43: 2199 | L43: 0 | M43: =H43*K43/1000 -> 2.075856 | N43: =ROUND(M43*I43-I43*L43,1) -> 2.1
B44: 38 | C44: S42-B-03 | G44: UC160*160*12*8 | H44: 0.944 | I44: 1 | J44: 2330 | K44: 2199 | L44: 0 | M44: =H44*K44/1000 -> 2.075856 | N44: =ROUND(M44*I44-I44*L44,1) -> 2.1
B45: 39 | C45: S43-B-03 | G45: UC160*160*12*8 | H45: 0.944 | I45: 1 | J45: 2330 | K45: 2199 | L45: 0 | M45: =ROUNDUP(H45*K45/1000,2) -> 2.08 | N45: =M45*I45-L45*I45 -> 2.08
B46: 40 | C46: S45-05 | G46: UC220*210*12*8 | H46: 1.284 | I46: 1 | J46: 2383 | K46: 2228 | L46: 0 | M46: =ROUNDUP(H46*K46/1000,2) -> 2.87 | N46: =M46*I46-L46*I46 -> 2.87
B47: 41 | C47: S35-03 | G47: UC160*160*12*8 | H47: 0.944 | I47: 1 | J47: 1510 | K47: 1510 | L47: 0 | M47: =H47*K47/1000 -> 1.42544 | N47: =ROUND(M47*I47-I47*L47,1) -> 1.4
B48: 42 | C48: S37-03 | G48: UC160*160*12*8 | H48: 0.944 | I48: 1 | J48: 1510 | K48: 1510 | L48: 0 | M48: =H48*K48/1000 -> 1.42544 | N48: =ROUND(M48*I48-I48*L48,1) -> 1.4
B49: 43 | C49: S38-03 | G49: UC160*160*12*8 | H49: 0.944 | I49: 1 | J49: 1510 | K49: 1510 | L49: 0 | M49: =H49*K49/1000 -> 1.42544 | N49: =ROUND(M49*I49-I49*L49,1) -> 1.4
B50: 44 | C50: S35-05 | G50: UC160*160*12*8 | H50: 0.944 | I50: 1 | J50: 1817 | K50: 1735 | L50: 0 | M50: =H50*K50/1000 -> 1.63784 | N50: =ROUND(M50*I50-I50*L50,1) -> 1.6
B51: 45 | C51: S-37-04-L | G51: UC200*210*12*10 | H51: 1.22 | I51: 1 | J51: 7579 | K51: 7579 | L51: 0 | M51: =H51*K51/1000 -> 9.24638 | N51: =ROUND(M51*I51-I51*L51,1) -> 9.2
B52: 46 | C52: S-37-02-U | G52: UC200*210*12*10 | H52: 1.22 | I52: 1 | J52: 6970 | K52: 6970 | L52: 0 | M52: =H52*K52/1000 -> 8.5034 | N52: =ROUND(M52*I52-I52*L52,1) -> 8.5
B53: 47 | C53: S-36-04-U | G53: UC200*210*12*10 | H53: 1.22 | I53: 1 | J53: 7579 | K53: 7579 | L53: 0 | M53: =H53*K53/1000 -> 9.24638 | N53: =ROUND(M53*I53-I53*L53,1) -> 9.2
B54: 48 | C54: S-36-05-U | G54: UC200*210*12*10 | H54: 1.22 | I54: 1 | J54: 5486 | K54: 5486 | L54: 0 | M54: =ROUNDUP(H54*K54/1000,2) -> 6.7 | N54: =M54*I54-L54*I54 -> 6.7
B55: 49 | C55: S-37-05-L | G55: UC200*210*12*10 | H55: 1.22 | I55: 1 | J55: 5486 | K55: 5486 | L55: 0 | M55: =H55*K55/1000 -> 6.69292 | N55: =ROUND(M55*I55-I55*L55,1) -> 6.7
B56: 50 | C56: S-38-07-L | G56: UC200*210*12*10 | H56: 1.22 | I56: 1 | J56: 7619 | K56: 7619 | L56: 0 | M56: =H56*K56/1000 -> 9.29518 | N56: =ROUND(M56*I56-I56*L56,1) -> 9.3
B57: 51 | C57: S-41-07-L | G57: UC200*210*12*10 | H57: 1.22 | I57: 1 | J57: 7869 | K57: 7869 | L57: 0 | M57: =H57*K57/1000 -> 9.60018 | N57: =ROUND(M57*I57-I57*L57,1) -> 9.6
B58: جمع کل | N58: =SUM(N7:N57) -> 327.53
B59: جمع کل دو لایه | N59: 655
B60: پیمانکار : تاریخ : | I60: دستگاه نظارت : تاریخ :
B62: منبع مدرک: کارفرما ناظر مقیم پروژه امور قرارداد ها بایگانی دستگاه نظارت پیمانکار

Sheet PNT-G-125
B1: صورت مجلس | E1: شماره ویرایش مدرک: | H1: تاریخ ویرایش مدرک: | K1: EC-01-F-09
F4: صورتمجلس
B11: نام پروژه: تعمیرات اساسی ضلع جنوبی اسکله شرقی جزیره خارگ ازمحور19الی45 (PC) | F11: شماره صورتمجلس PNT-G-125 | J11: تاریخ :1404/07/15
B14: نام پیمانکار: شرکت صنایع فرا ساحل (صف) | F14: شماره قرارداد: 11048-73-38 | J14: تعداد صفحات پيوست: 5 صفحه
B17: موضـوع: تهیه رنگ High Solid GLASS FLAKE EPOXY به ضخامت 250 میکرون
B20: بدینوسیله امضا کنندگان ذیل تایید می نمایند , تهیه رنگ High Solid GLASS FLAKE EPOXY به ضخامت 250 میکرون برای المان های ناحیه حد فاصل محور های 19 الی 45 ضلع جنوبی اسکله شرقی مطابق با ریزمتره پیوست به مساحت 184/4 متر مربع انجام گردید.
B26: ردیف | C26: ردیف فهرست بها | E26: شرح | I26: مقدار | K26: واحد
B28: 28 | C28: 641904105 | E28: تهیه رنگ High Solid GLASS FLAKE EPOXY به ضخامت 250 میکرون | I28: 184/4 | K28: متر مربع
B31: پیمانکار | F31: دستگاه نظارت | J31: کار فرما
B35: منبع مدرک: کارفرما ناظر مقیم پروژه امور قرارداد ها بایگانی دستگاه نظارت پیمانکار

Sheet PNT-G-124
B1: صورت مجلس | E1: شماره ویرایش مدرک: | H1: تاریخ ویرایش مدرک: | K1: EC-01-F-09
F4: صورتمجلس
B11: نام پروژه: تعمیرات اساسی ضلع جنوبی اسکله شرقی جزیره خارگ ازمحور19الی45 (PC) | F11: شماره صورت PNT-G-124 | J11: تاریخ :1404/07/15
B14: نام پیمانکار: شرکت صنایع فرا ساحل (صف) | F14: شماره قرارداد: 11048-73-38 | J14: تعداد صفحات پيوست: 4 صفحه
B17: موضـوع: اضافه بها اعمال رنگ High Solid GLASS FLAKE EPOXY به وسیله دستگاه رنگ پاش بدون هوا (Airless) به ضخامت 250 میکرون درناحیه بالای اسپلش زون تا زیر عرشه اسکله معادل 20% بهای واحد ردیف 641903107 طبق بند 13 مقدمه فصل 19 فهرست بها
B20: بدینوسیله امضا کنندگان ذیل تایید می نمایند , عملیات اعمال رنگ High Solid GLASS FLAKE EPOXY به وسیله دستگاه رنگ پاش بدون هوا (Airless) به ضخامت 250 میکرون در درناحیه بالای اسپلش زون تا زیر عرشه اسکله بر روی المان های ناحیه حد فاصل محور های 19 الی 45 ضلع جنوبی اسکله شرقی مطابق با ریزمتره پیوست به مساحت 184/4 متر مربع انجام گردید.
B26: ردیف | C26: ردیف فهرست بها | E26: شرح | I26: مقدار | K26: واحد
B28: 24 | C28: 641903132* | E28: اضافه بها اعمال رنگ High Solid GLASS FLAKE EPOXY به وسیله دستگاه رنگ پاش بدون هوا (Airless) به ضخامت 250 میکرون درناحیه بالای اسپلش زون تا زیر عرشه اسکله معادل 20% بهای واحد ردیف 641903107 طبق بند 13 مقدمه فصل 19 فهرست بها | I28: 184/4 | K28: متر مربع | P28: 569.1511
B31: پیمانکار | F31: دستگاه نظارت | J31: کار فرما
B35: منبع مدرک: کارفرما ناظر مقیم پروژه امور قرارداد ها بایگانی دستگاه نظارت پیمانکار

Sheet  المان PNT-G-124
G2: شماره صورتمجلس PNT-G-124
B5: موضـوع:اضافه بها اعمال رنگ High Solid GLASS FLAKE EPOXY به وسیله دستگاه رنگ پاش بدون هوا (Airless) به ضخامت 250 میکرون درناحیه بالای اسپلش زون تا زیر عرشه اسکله معادل 20% بهای واحد ردیف 641903107 طبق بند 13 مقدمه فصل 19 فهرست بها
B6: موقعیت: محورهای 19 الی 45
B7: 1 | C7: S-24-07-U | G7: UC200*210*12*10 | H7: 1.22 | I7: 1 | J7: 3659 | K7: 3569 | L7: =0.126+0.114 -> 0.24 | M7: =H7*K7/1000 -> 4.35418 | N7: =ROUND(M7*I7-I7*L7,1) -> 4.1
B8: 2 | C8: S-24-06-U | G8: UC200*210*12*10 | H8: 1.22 | I8: 1 | J8: 3909 | K8: 3847 | L8: =0.126+0.114 -> 0.24 | M8: =H8*K8/1000 -> 4.69334 | N8: =ROUND(M8*I8-I8*L8,1) -> 4.5
B9: 3 | C9: S-24-02-U | G9: UC200*210*12*10 | H9: 1.22 | I9: 1 | J9: 7829 | K9: 7829 | L9: =0.252+0.1088 -> 0.3608 | M9: =H9*K9/1000 -> 9.55138 | N9: =ROUND(M9*I9-I9*L9,1) -> 9.2
B10: 4 | C10: S-24-07-L | G10: UC200*210*12*10 | H10: 1.22 | I10: 1 | J10: 3659 | K10: 3569 | L10: =0.126+0.114 -> 0.24 | M10: =H10*K10/1000 -> 4.35418 | N10: =ROUND(M10*I10-I10*L10,1) -> 4.1
B11: 5 | C11: S-24-06-L | G11: UC200*210*12*10 | H11: 1.22 | I11: 1 | J11: 3909 | K11: 3847 | L11: =0.126+0.114 -> 0.24 | M11: =H11*K11/1000 -> 4.69334 | N11: =ROUND(M11*I11-I11*L11,1) -> 4.5
B12: 6 | C12: S-24-02-L | G12: UC200*210*12*10 | H12: 1.22 | I12: 1 | J12: 7829 | K12: 7829 | L12: 0.252 | M12: =H12*K12/1000 -> 9.55138 | N12: =ROUND(M12*I12-I12*L12,1) -> 9.3
B13: 7 | C13: GUSSET - LOWER DECK (Row E) AXIS 25 | G13: TYP.05 (LOWER DECK) | H13: 2.042 | I13: 1 | J13: - | K13: - | L13: =0.85*0.308+6*2*0.3*0.21 -> 1.0178 | M13: =H13*I13 -> 2.042 | N13: =ROUND(M13*I13-I13*L13,1) -> 1
B14: 8 | C14: GUSSET - UPPER DECK (Row E) AXIS 25 | G14: TYP.9 (UPPER DECK) | H14: 1.895172 | I14: 1 | J14: - | K14: - | L14: 0.751525 | M14: =H14*I14 -> 1.895172 | N14: =ROUND(M14*I14-I14*L14,1) -> 1.1 | AK14: REPORT 112 - FINISH COAT
B15: 9 | C15: GUSSET - LOWER DECK (Row E~F) AXIS 24~25 | G15: TYP.12 (LOWER DECK) | H15: 0.835 | I15: 1 | J15: - | K15: - | L15: 0.3368 | M15: =H15*I15 -> 0.835 | N15: =ROUND(M15*I15-I15*L15,1) -> 0.5
B16: 10 | C16: GUSSET - UPPER DECK (Row E~F) AXIS 24~25 | G16: TYP.08 (UPPER DECK) | H16: =H15 -> 0.835 | I16: 1 | J16: - | K16: - | L16: =L15 -> 0.3368 | M16: =H16*I16 -> 0.835 | N16: =ROUND(M16*I16-I16*L16,1) -> 0.5
B17: 11 | C17: S-24-03-U | G17: UC200*210*12*10 | H17: 1.22 | I17: 1 | J17: 5486 | K17: 5486 | L17: 0.126 | M17: =H17*K17/1000 -> 6.69292 | N17: =ROUND(M17*I17-I17*L17,1) -> 6.6
B18: 12 | C18: S-24-03-L | G18: UC200*210*12*10 | H18: 1.22 | I18: 1 | J18: 5486 | K18: 5486 | L18: 0.15834 | M18: =H18*K18/1000 -> 6.69292 | N18: =ROUND(M18*I18-I18*L18,1) -> 6.5
B19: 13 | C19: S24-E-03 | G19: UC160*160*12*8 | H19: 0.944 | I19: 2 | J19: 2948 | K19: 2771 | L19: 0 | M19: =ROUNDUP(H19*K19/1000,1) -> 2.7 | N19: =M19*I19-L19*I19 -> 5.4
B20: 14 | C20: S24-E-04 | G20: UC160*160*12*8 | H20: 0.944 | I20: 1 | J20: 1629 | K20: 1629 | L20: 0 | M20: =ROUNDUP(H20*K20/1000,1) -> 1.6 | N20: =M20*I20-L20*I20 -> 1.6
B21: 15 | C21: S25-08 | G21: UC220*210*12*8 | H21: 1.284 | I21: 1 | J21: 1510 | K21: 1510 | L21: 0 | M21: =H21*K21/1000 -> 1.93884 | N21: =ROUND(M21*I21-I21*L21,1) -> 1.9
B22: 16 | C22: S25-03 | G22: UC160*160*12*8 | H22: 0.944 | I22: 3 | J22: 1510 | K22: 1510 | L22: 0 | M22: =H22*K22/1000 -> 1.42544 | N22: =ROUND(M22*I22-I22*L22,1) -> 4.3
B23: 17 | C23: S25-02 | G23: UC160*160*12*8 | H23: 0.944 | I23: 2 | J23: 2402 | K23: 2251 | L23: 0 | M23: =H23*K23/1000 -> 2.124944 | N23: =ROUND(M23*I23-I23*L23,1) -> 4.2
B24: 18 | C24: S25-04 | G24: UC160*160*12*8 | H24: 0.944 | I24: 1 | J24: 1817 | K24: 1735 | L24: 0 | M24: =H24*K24/1000 -> 1.63784 | N24: =ROUND(M24*I24-I24*L24,1) -> 1.6
B25: 19 | C25: S19-45(lower) AXIS 25 ROW E~F | G25: UC313*308*20*15 | H25: 1.828 | I25: 1 | J25: 5181 | K25: 5181 | L25: =0.5*0.85*0.308+0.5*1.9*0.308 -> 0.4235 | M25: =K25*H25/1000 -> 9.470868 | N25: =ROUND(M25*I25-I25*L25,1) -> 9
B26: 20 | C26: S19-45 (upper) AXIS 25 ROW E~F | G26: UC313*308*20*15 | H26: 1.828 | I26: 1 | J26: 5181 | K26: 5181 | L26: =0.5*0.85*0.308 -> 0.1309 | M26: =K26*H26/1000 -> 9.470868 | N26: =ROUND(M26*I26-I26*L26,1) -> 9.3
B27: 21 | C27: BOX TO PILE (AXIS-25 ROW E) | G27: 1920*720 | H27: 3.58 | I27: 1 | J27: - | K27: - | L27: =1.9*0.308 -> 0.5852 | M27: =H27 -> 3.58 | N27: =ROUND(M27*I27-L27*I27,1) -> 3
B28: جمع کل | N28: =SUM(N7:N27) -> 92.2
B29: جمع کل دو لایه | N29: =N28*2 -> 184.4
B30: پیمانکار : تاریخ : | I30: دستگاه نظارت : تاریخ :
B32: منبع مدرک: کارفرما ناظر مقیم پروژه امور قرارداد ها بایگانی دستگاه نظارت پیمانکار

Sheet PNT-G-123
B1: صورت مجلس | E1: شماره ویرایش مدرک: | H1: تاریخ ویرایش مدرک: | K1: EC-01-F-09
F4: صورتمجلس
B11: نام پروژه: تعمیرات اساسی ضلع جنوبی اسکله شرقی جزیره خارگ ازمحور19الی45 (PC) | F11: شماره صورت PNT-G-123 | J11: تاریخ :1404/07/15
B14: نام پیمانکار: شرکت صنایع فرا ساحل (صف) | F14: شماره قرارداد: 11048-73-38 | J14: تعداد صفحات پيوست: 4 صفحه
B17: موضـوع: اضافه بهای اعمال رنگ High Solid GLASS FLAKE EPOXY به وسیله دستگاه رنگ پاش بدون هوا (Airless) به ضخامت 250 میکرون در اسکله ( در صورتی که سطح مورد نظر ، لوله تا 8 اینچ یا مقاطع فولادی تا 200 میلی متر باشد.)
B20: بدینوسیله امضا کنندگان ذیل تایید می نمایند , عملیات اعمال رنگ High Solid GLASS FLAKE EPOXY به وسیله دستگاه رنگ پاش بدون هوا (Airless) به ضخامت 250 میکرون در اسکله بر روی المان های ناحیه حد فاصل محور های 19 الی 45 ضلع جنوبی اسکله شرقی مطابق با ریزمتره پیوست به مساحت 131/8 متر مربع انجام گردید.
B26: ردیف | C26: ردیف فهرست بها | E26: شرح | I26: مقدار | K26: واحد
B28: 21 | C28: 641903122 | E28: اضافه بهای اعمال رنگ High Solid GLASS FLAKE EPOXY به وسیله دستگاه رنگ پاش بدون هوا (Airless) به ضخامت 250 میکرون در اسکله ( در صورتی که سطح مورد نظر ، لوله تا 8 اینچ یا مقاطع فولادی تا 200 میلی متر باشد.) | I28: 131/8 | K28: متر مربع
B31: پیمانکار | F31: دستگاه نظارت | J31: کار فرما
B35: منبع مدرک: کارفرما ناظر مقیم پروژه امور قرارداد ها بایگانی دستگاه نظارت پیمانکار

Sheet  المان PNT-G-123
G2: شماره صورتمجلس PNT-PG123
B5: موضـوع: اضافه بهای اعمال رنگ High Solid GLASS FLAKE Epoxy به وسیله دستگاه رنگ پاش بدون هوا (Airless) به ضخامت 250 میکرون در اسکله ( در صورتی که سطح مورد نظر ، لوله تا 8 اینچ یا مقاطع فولادی تا 200 میلی متر باشد.)
B6: موقعیت: محورهای 19 الی 45
B7: 1 | C7: S-24-07-U | G7: UC200*210*12*10 | H7: 1.22 | I7: 1 | J7: 3659 | K7: 3569 | L7: =0.126+0.114 -> 0.24 | M7: =H7*K7/1000 -> 4.35418 | N7: =ROUND(M7*I7-I7*L7,1) -> 4.1
B8: 2 | C8: S-24-06-U | G8: UC200*210*12*10 | H8: 1.22 | I8: 1 | J8: 3909 | K8: 3847 | L8: =0.126+0.114 -> 0.24 | M8: =H8*K8/1000 -> 4.69334 | N8: =ROUND(M8*I8-I8*L8,1) -> 4.5
B9: 3 | C9: S-24-02-U | G9: UC200*210*12*10 | H9: 1.22 | I9: 1 | J9: 7829 | K9: 7829 | L9: =0.252+0.1088 -> 0.3608 | M9: =H9*K9/1000 -> 9.55138 | N9: =ROUND(M9*I9-I9*L9,1) -> 9.2
B10: 4 | C10: S-24-07-L | G10: UC200*210*12*10 | H10: 1.22 | I10: 1 | J10: 3659 | K10: 3569 | L10: =0.126+0.114 -> 0.24 | M10: =H10*K10/1000 -> 4.35418 | N10: =ROUND(M10*I10-I10*L10,1) -> 4.1
B11: 5 | C11: S-24-06-L | G11: UC200*210*12*10 | H11: 1.22 | I11: 1 | J11: 3909 | K11: 3847 | L11: =0.126+0.114 -> 0.24 | M11: =H11*K11/1000 -> 4.69334 | N11: =ROUND(M11*I11-I11*L11,1) -> 4.5
B12: 6 | C12: S-24-02-L | G12: UC200*210*12*10 | H12: 1.22 | I12: 1 | J12: 7829 | K12: 7829 | L12: 0.252 | M12: =H12*K12/1000 -> 9.55138 | N12: =ROUND(M12*I12-I12*L12,1) -> 9.3
B13: 7 | C13: GUSSET - LOWER DECK (Row E) AXIS 25 | G13: TYP.05 (LOWER DECK) | H13: 2.042 | I13: 0 | J13: - | K13: - | L13: =0.85*0.308+6*2*0.3*0.21 -> 1.0178 | M13: =H13*I13 -> 0 | N13: =ROUND(M13*I13-I13*L13,1) -> 0
B14: 8 | C14: GUSSET - UPPER DECK (Row E) AXIS 25 | G14: TYP.9 (UPPER DECK) | H14: 1.895172 | I14: 0 | J14: - | K14: - | L14: 0.751525 | M14: =H14*I14 -> 0 | N14: =ROUND(M14*I14-I14*L14,1) -> 0 | AK14: REPORT 112 - FINISH COAT
B15: 9 | C15: GUSSET - LOWER DECK (Row E~F) AXIS 24~25 | G15: TYP.12 (LOWER DECK) | H15: 0.835 | I15: 0 | J15: - | K15: - | L15: 0.3368 | M15: =H15*I15 -> 0 | N15: =ROUND(M15*I15-I15*L15,1) -> 0
B16: 10 | C16: GUSSET - UPPER DECK (Row E~F) AXIS 24~25 | G16: TYP.08 (UPPER DECK) | H16: =H15 -> 0.835 | I16: 0 | J16: - | K16: - | L16: =L15 -> 0.3368 | M16: =H16*I16 -> 0 | N16: =ROUND(M16*I16-I16*L16,1) -> 0
B17: 11 | C17: S-24-03-U | G17: UC200*210*12*10 | H17: 1.22 | I17: 1 | J17: 5486 | K17: 5486 | L17: 0.126 | M17: =H17*K17/1000 -> 6.69292 | N17: =ROUND(M17*I17-I17*L17,1) -> 6.6
B18: 12 | C18: S-24-03-L | G18: UC200*210*12*10 | H18: 1.22 | I18: 1 | J18: 5486 | K18: 5486 | L18: 0.15834 | M18: =H18*K18/1000 -> 6.69292 | N18: =ROUND(M18*I18-I18*L18,1) -> 6.5
B19: 13 | C19: S24-E-03 | G19: UC160*160*12*8 | H19: 0.944 | I19: 2 | J19: 2948 | K19: 2771 | L19: 0 | M19: =ROUNDUP(H19*K19/1000,1) -> 2.7 | N19: =M19*I19-L19*I19 -> 5.4
B20: 14 | C20: S24-E-04 | G20: UC160*160*12*8 | H20: 0.944 | I20: 1 | J20: 1629 | K20: 1629 | L20: 0 | M20: =ROUNDUP(H20*K20/1000,1) -> 1.6 | N20: =M20*I20-L20*I20 -> 1.6
B21: 15 | C21: S25-08 | G21: UC220*210*12*8 | H21: 1.284 | I21: 0 | J21: 1510 | K21: 1510 | L21: 0 | M21: =H21*K21/1000 -> 1.93884 | N21: =ROUND(M21*I21-I21*L21,1) -> 0
B22: 16 | C22: S25-03 | G22: UC160*160*12*8 | H22: 0.944 | I22: 3 | J22: 1510 | K22: 1510 | L22: 0 | M22: =H22*K22/1000 -> 1.42544 | N22: =ROUND(M22*I22-I22*L22,1) -> 4.3
B23: 17 | C23: S25-02 | G23: UC160*160*12*8 | H23: 0.944 | I23: 2 | J23: 2402 | K23: 2251 | L23: 0 | M23: =H23*K23/1000 -> 2.124944 | N23: =ROUND(M23*I23-I23*L23,1) -> 4.2
B24: 18 | C24: S25-04 | G24: UC160*160*12*8 | H24: 0.944 | I24: 1 | J24: 1817 | K24: 1735 | L24: 0 | M24: =H24*K24/1000 -> 1.63784 | N24: =ROUND(M24*I24-I24*L24,1) -> 1.6
B25: 19 | C25: S19-45(lower) AXIS 25 ROW E~F | G25: UC313*308*20*15 | H25: 1.828 | I25: 0 | J25: 5181 | K25: 5181 | L25: =0.5*0.85*0.308+0.5*1.9*0.308 -> 0.4235 | M25: =K25*H25/1000 -> 9.470868 | N25: =ROUND(M25*I25-I25*L25,1) -> 0
B26: 20 | C26: S19-45 (upper) AXIS 25 ROW E~F | G26: UC313*308*20*15 | H26: 1.828 | I26: 0 | J26: 5181 | K26: 5181 | L26: =0.5*0.85*0.308 -> 0.1309 | M26: =K26*H26/1000 -> 9.470868 | N26: =ROUND(M26*I26-I26*L26,1) -> 0
B27: 21 | C27: BOX TO PILE (AXIS-25 ROW E) | G27: 1920*720 | H27: 3.58 | I27: 0 | J27: - | K27: - | L27: =1.9*0.308 -> 0.5852 | M27: =H27 -> 3.58 | N27: =ROUND(M27*I27-L27*I27,1) -> 0
B28: جمع کل | N28: =SUM(N7:N27) -> 65.9
B29: جمع کل دو لایه | N29: =N28*2 -> 131.8
B30: پیمانکار : تاریخ : | I30: دستگاه نظارت : تاریخ :
B32: منبع مدرک: کارفرما ناظر مقیم پروژه امور قرارداد ها بایگانی دستگاه نظارت پیمانکار

Sheet PNT-G-122
B1: صورت مجلس | E1: شماره ویرایش مدرک: | H1: تاریخ ویرایش مدرک: | K1: EC-01-F-09
F4: صورتمجلس
B11: نام پروژه: تعمیرات اساسی ضلع جنوبی اسکله شرقی جزیره خارگ ازمحور19الی45 (PC) | F11: شماره صورت PNT-G-122 | J11: تاریخ :1404/07/15
B14: نام پیمانکار: شرکت صنایع فرا ساحل (صف) | F14: شماره قرارداد: 11048-73-38 | J14: تعداد صفحات پيوست: 4 صفحه
B17: موضـوع: اعمال رنگ High Solid GLASS FLAKE EPOXY به وسیله دستگاه رنگ پاش بدون هوا (Airless) به ضخامت 250 میکرون در اسکله
B20: بدینوسیله امضا کنندگان ذیل تایید می نمایند , عملیات اعمال رنگ High Solid GLASS FLAKE EPOXY به وسیله دستگاه رنگ پاش بدون هوا (Airless) به ضخامت 250 میکرون در اسکله بر روی المان های ناحیه حد فاصل محور های 19 الی 45 ضلع جنوبی اسکله شرقی مطابق با ریزمتره پیوست به مساحت 184/4 متر مربع انجام گردید.
B26: ردیف | C26: ردیف فهرست بها | E26: شرح | I26: مقدار | K26: واحد
B28: 17 | C28: 641903107 | E28: اعمال رنگ High Solid GLASS FLAKE EPOXY به وسیله دستگاه رنگ پاش بدون هوا (Airless) به ضخامت 250 میکرون در اسکله | I28: 184/4 | K28: متر مربع
B31: پیمانکار | F31: دستگاه نظارت | J31: کار فرما
B35: منبع مدرک: کارفرما ناظر مقیم پروژه امور قرارداد ها بایگانی دستگاه نظارت پیمانکار

Sheet  المان PNT-G-122
G2: شماره صورتمجلس PNT-G-122
B5: موضـوع: اعمال رنگ High Solid GLASS FLAKE EPOXY به وسیله دستگاه رنگ پاش بدون هوا (Airless) به ضخامت 250 میکرون در اسکله
B6: موقعیت: محورهای 19 الی 45
B7: 1 | C7: S-24-07-U | G7: UC200*210*12*10 | H7: 1.22 | I7: 1 | J7: 3659 | K7: 3569 | L7: =0.126+0.114 -> 0.24 | M7: =H7*K7/1000 -> 4.35418 | N7: =ROUND(M7*I7-I7*L7,1) -> 4.1
B8: 2 | C8: S-24-06-U | G8: UC200*210*12*10 | H8: 1.22 | I8: 1 | J8: 3909 | K8: 3847 | L8: =0.126+0.114 -> 0.24 | M8: =H8*K8/1000 -> 4.69334 | N8: =ROUND(M8*I8-I8*L8,1) -> 4.5
B9: 3 | C9: S-24-02-U | G9: UC200*210*12*10 | H9: 1.22 | I9: 1 | J9: 7829 | K9: 7829 | L9: =0.252+0.1088 -> 0.3608 | M9: =H9*K9/1000 -> 9.55138 | N9: =ROUND(M9*I9-I9*L9,1) -> 9.2
B10: 4 | C10: S-24-07-L | G10: UC200*210*12*10 | H10: 1.22 | I10: 1 | J10: 3659 | K10: 3569 | L10: =0.126+0.114 -> 0.24 | M10: =H10*K10/1000 -> 4.35418 | N10: =ROUND(M10*I10-I10*L10,1) -> 4.1
B11: 5 | C11: S-24-06-L | G11: UC200*210*12*10 | H11: 1.22 | I11: 1 | J11: 3909 | K11: 3847 | L11: =0.126+0.114 -> 0.24 | M11: =H11*K11/1000 -> 4.69334 | N11: =ROUND(M11*I11-I11*L11,1) -> 4.5
B12: 6 | C12: S-24-02-L | G12: UC200*210*12*10 | H12: 1.22 | I12: 1 | J12: 7829 | K12: 7829 | L12: 0.252 | M12: =H12*K12/1000 -> 9.55138 | N12: =ROUND(M12*I12-I12*L12,1) -> 9.3
B13: 7 | C13: GUSSET - LOWER DECK (Row E) AXIS 25 | G13: TYP.05 (LOWER DECK) | H13: 2.042 | I13: 1 | J13: - | K13: - | L13: =0.85*0.308+6*2*0.3*0.21 -> 1.0178 | M13: =H13*I13 -> 2.042 | N13: =ROUND(M13*I13-I13*L13,1) -> 1
B14: 8 | C14: GUSSET - UPPER DECK (Row E) AXIS 25 | G14: TYP.9 (UPPER DECK) | H14: 1.895172 | I14: 1 | J14: - | K14: - | L14: 0.751525 | M14: =H14*I14 -> 1.895172 | N14: =ROUND(M14*I14-I14*L14,1) -> 1.1 | AK14: REPORT 112 - FINISH COAT
B15: 9 | C15: GUSSET - LOWER DECK (Row E~F) AXIS 24~25 | G15: TYP.12 (LOWER DECK) | H15: 0.835 | I15: 1 | J15: - | K15: - | L15: 0.3368 | M15: =H15*I15 -> 0.835 | N15: =ROUND(M15*I15-I15*L15,1) -> 0.5
B16: 10 | C16: GUSSET - UPPER DECK (Row E~F) AXIS 24~25 | G16: TYP.08 (UPPER DECK) | H16: =H15 -> 0.835 | I16: 1 | J16: - | K16: - | L16: =L15 -> 0.3368 | M16: =H16*I16 -> 0.835 | N16: =ROUND(M16*I16-I16*L16,1) -> 0.5
B17: 11 | C17: S-24-03-U | G17: UC200*210*12*10 | H17: 1.22 | I17: 1 | J17: 5486 | K17: 5486 | L17: 0.126 | M17: =H17*K17/1000 -> 6.69292 | N17: =ROUND(M17*I17-I17*L17,1) -> 6.6
B18: 12 | C18: S-24-03-L | G18: UC200*210*12*10 | H18: 1.22 | I18: 1 | J18: 5486 | K18: 5486 | L18: 0.15834 | M18: =H18*K18/1000 -> 6.69292 | N18: =ROUND(M18*I18-I18*L18,1) -> 6.5
B19: 13 | C19: S24-E-03 | G19: UC160*160*12*8 | H19: 0.944 | I19: 2 | J19: 2948 | K19: 2771 | L19: 0 | M19: =ROUNDUP(H19*K19/1000,1) -> 2.7 | N19: =M19*I19-L19*I19 -> 5.4
B20: 14 | C20: S24-E-04 | G20: UC160*160*12*8 | H20: 0.944 | I20: 1 | J20: 1629 | K20: 1629 | L20: 0 | M20: =ROUNDUP(H20*K20/1000,1) -> 1.6 | N20: =M20*I20-L20*I20 -> 1.6
B21: 15 | C21: S25-08 | G21: UC220*210*12*8 | H21: 1.284 | I21: 1 | J21: 1510 | K21: 1510 | L21: 0 | M21: =H21*K21/1000 -> 1.93884 | N21: =ROUND(M21*I21-I21*L21,1) -> 1.9
B22: 16 | C22: S25-03 | G22: UC160*160*12*8 | H22: 0.944 | I22: 3 | J22: 1510 | K22: 1510 | L22: 0 | M22: =H22*K22/1000 -> 1.42544 | N22: =ROUND(M22*I22-I22*L22,1) -> 4.3
B23: 17 | C23: S25-02 | G23: UC160*160*12*8 | H23: 0.944 | I23: 2 | J23: 2402 | K23: 2251 | L23: 0 | M23: =H23*K23/1000 -> 2.124944 | N23: =ROUND(M23*I23-I23*L23,1) -> 4.2
B24: 18 | C24: S25-04 | G24: UC160*160*12*8 | H24: 0.944 | I24: 1 | J24: 1817 | K24: 1735 | L24: 0 | M24: =H24*K24/1000 -> 1.63784 | N24: =ROUND(M24*I24-I24*L24,1) -> 1.6
B25: 19 | C25: S19-45(lower) AXIS 25 ROW E~F | G25: UC313*308*20*15 | H25: 1.828 | I25: 1 | J25: 5181 | K25: 5181 | L25: =0.5*0.85*0.308+0.5*1.9*0.308 -> 0.4235 | M25: =K25*H25/1000 -> 9.470868 | N25: =ROUND(M25*I25-I25*L25,1) -> 9
B26: 20 | C26: S19-45 (upper) AXIS 25 ROW E~F | G26: UC313*308*20*15 | H26: 1.828 | I26: 1 | J26: 5181 | K26: 5181 | L26: =0.5*0.85*0.308 -> 0.1309 | M26: =K26*H26/1000 -> 9.470868 | N26: =ROUND(M26*I26-I26*L26,1) -> 9.3
B27: 21 | C27: BOX TO PILE (AXIS-25 ROW E) | G27: 1920*720 | H27: 3.58 | I27: 1 | J27: - | K27: - | L27: =1.9*0.308 -> 0.5852 | M27: =H27 -> 3.58 | N27: =ROUND(M27*I27-L27*I27,1) -> 3
B28: جمع کل | N28: =SUM(N7:N27) -> 92.2
B29: جمع کل دو لایه | N29: =N28*2 -> 184.4
B30: پیمانکار : تاریخ : | I30: دستگاه نظارت : تاریخ :
B32: منبع مدرک: کارفرما ناظر مقیم پروژه امور قرارداد ها بایگانی دستگاه نظارت پیمانکار

Sheet PNT-G-121
B1: صورت مجلس | E1: شماره ویرایش مدرک: | H1: تاریخ ویرایش مدرک: | K1: EC-01-F-09
F4: صورتمجلس
B11: نام پروژه: تعمیرات اساسی ضلع جنوبی اسکله شرقی جزیره خارگ ازمحور19الی45 (PC) | F11: شماره صورتمجلس PNT-G-121 | J11: تاریخ :1404/07/15
B14: نام پیمانکار: شرکت صنایع فرا ساحل (صف) | F14: شماره قرارداد: 11048-73-38 | J14: تعداد صفحات پيوست: 6 صفحه
B17: موضـوع: تهیه رنگ High Solid GLASS FLAKE EPOXY به ضخامت 250 میکرون
B20: بدینوسیله امضا کنندگان ذیل تایید می نمایند , تهیه رنگ High Solid GLASS FLAKE EPOXY به ضخامت 250 میکرون برای المان های ناحیه حد فاصل محور های 19 الی 45 ضلع جنوبی اسکله شرقی مطابق با ریزمتره پیوست به مساحت 723/4 متر مربع انجام گردید.
B26: ردیف | C26: ردیف فهرست بها | E26: شرح | I26: مقدار | K26: واحد
B28: 28 | C28: 641904105 | E28: تهیه رنگ High Solid GLASS FLAKE EPOXY به ضخامت 250 میکرون | I28: 723/4 | K28: متر مربع
B31: پیمانکار | F31: دستگاه نظارت | J31: کار فرما
B35: منبع مدرک: کارفرما ناظر مقیم پروژه امور قرارداد ها بایگانی دستگاه نظارت پیمانکار

Sheet PNT-G-120
B1: صورت مجلس | E1: شماره ویرایش مدرک: | H1: تاریخ ویرایش مدرک: | K1: EC-01-F-09
F4: صورتمجلس
B11: نام پروژه: تعمیرات اساسی ضلع جنوبی اسکله شرقی جزیره خارگ ازمحور19الی45 (PC) | F11: شماره صورت PNT-G-120 | J11: تاریخ :1404/07/15
B14: نام پیمانکار: شرکت صنایع فرا ساحل (صف) | F14: شماره قرارداد: 11048-73-38 | J14: تعداد صفحات پيوست: 5 صفحه
B17: موضـوع: اضافه بها اعمال رنگ High Solid GLASS FLAKE EPOXY به وسیله دستگاه رنگ پاش بدون هوا (Airless) به ضخامت 250 میکرون درناحیه بالای اسپلش زون تا زیر عرشه اسکله معادل 20% بهای واحد ردیف 641903107 طبق بند 13 مقدمه فصل 19 فهرست بها
B20: بدینوسیله امضا کنندگان ذیل تایید می نمایند , عملیات اعمال رنگ High Solid GLASS FLAKE EPOXY به وسیله دستگاه رنگ پاش بدون هوا (Airless) به ضخامت 250 میکرون در درناحیه بالای اسپلش زون تا زیر عرشه اسکله بر روی المان های ناحیه حد فاصل محور های 19 الی 45 ضلع جنوبی اسکله شرقی مطابق با ریزمتره پیوست به مساحت 723/4 متر مربع انجام گردید.
B26: ردیف | C26: ردیف فهرست بها | E26: شرح | I26: مقدار | K26: واحد
B28: 24 | C28: 641903132* | E28: اضافه بها اعمال رنگ High Solid GLASS FLAKE EPOXY به وسیله دستگاه رنگ پاش بدون هوا (Airless) به ضخامت 250 میکرون درناحیه بالای اسپلش زون تا زیر عرشه اسکله معادل 20% بهای واحد ردیف 641903107 طبق بند 13 مقدمه فصل 19 فهرست بها | I28: 723/4 | K28: متر مربع | P28: 569.1511
B31: پیمانکار | F31: دستگاه نظارت | J31: کار فرما
B35: منبع مدرک: کارفرما ناظر مقیم پروژه امور قرارداد ها بایگانی دستگاه نظارت پیمانکار

Sheet  المان PNT-G-120
G2: شماره صورتمجلس PNT-G-120
B5: موضـوع:اضافه بها اعمال رنگ High Solid GLASS FLAKE EPOXY به وسیله دستگاه رنگ پاش بدون هوا (Airless) به ضخامت 250 میکرون درناحیه بالای اسپلش زون تا زیر عرشه اسکله معادل 20% بهای واحد ردیف 641903107 طبق بند 13 مقدمه فصل 19 فهرست بها
B6: موقعیت: محورهای 19 الی 45
B7: 1 | C7: S-38-05-L | G7: UC200*210*12*10 | H7: 1.22 | I7: 1 | J7: 5486 | K7: 5486 | L7: 0 | M7: =H7*K7/1000 -> 6.69292 | N7: =ROUND(M7*I7-I7*L7,1) -> 6.7 | AC7: REPORT 111 - FINISH COAT
B8: 2 | C8: S-39-02-L | G8: UC200*210*12*10 | H8: 1.22 | I8: 1 | J8: 6732 | K8: 6732 | L8: 0 | M8: =H8*K8/1000 -> 8.21304 | N8: =ROUND(M8*I8-I8*L8,1) -> 8.2 | AC8: REPORT 113 - FINISH COAT
B9: 3 | C9: SUPPORT GRATING | G9: UC165*305*12*8 | H9: 1.254 | I9: 1 | J9: 5460 | K9: 5460 | L9: 0 | M9: =ROUNDUP(H9*K9/1000,2) -> 6.85 | N9: =M9*I9-L9*I9 -> 6.85 | AC9: REPORT 114 - FINISH COAT
B10: 4 | C10: S-41-02-L | G10: UC200*210*12*10 | H10: 1.22 | I10: 1 | J10: 6732 | K10: 6732 | L10: 0 | M10: =H10*K10/1000 -> 8.21304 | N10: =ROUND(M10*I10-I10*L10,1) -> 8.2 | AC10: REPORT 115 - FINISH COAT
B11: 5 | C11: S-39-2-U | G11: UC200*210*12*10 | H11: 1.22 | I11: 1 | J11: 6732 | K11: 6732 | L11: 0 | M11: =H11*K11/1000 -> 8.21304 | N11: =ROUND(M11*I11-I11*L11,1) -> 8.2
B12: 6 | C12: S-32-05-L | G12: UC200*210*12*10 | H12: 1.22 | I12: 2 | J12: 5486 | K12: 5486 | L12: 0 | M12: =H12*K12/1000 -> 6.69292 | N12: =ROUND(M12*I12-I12*L12,1) -> 13.4
B13: 7 | C13: S-35-02-L | G13: UC200*210*12*10 | H13: 1.22 | I13: 1 | J13: 6732 | K13: 6732 | L13: 0 | M13: =H13*K13/1000 -> 8.21304 | N13: =ROUND(M13*I13-I13*L13,1) -> 8.2
B14: 8 | C14: S-35-06-L | G14: UC200*210*12*10 | H14: 1.22 | I14: 1 | J14: 7829 | K14: 7829 | L14: 0 | M14: =H14*K14/1000 -> 9.55138 | N14: =ROUND(M14*I14-I14*L14,1) -> 9.6
B15: 9 | C15: S-35-06-U | G15: UC200*210*12*10 | H15: 1.22 | I15: 2 | J15: 7829 | K15: 7829 | L15: 0 | M15: =H15*K15/1000 -> 9.55138 | N15: =ROUND(M15*I15-I15*L15,1) -> 19.1
B16: 10 | C16: AXIS 39 ROW B | D16: S-39-03-U | G16: UC200*210*12*10 | H16: 1.22 | I16: 1 | J16: 4586 | K16: 4586 | L16: 0 | M16: =K16*H16/1000 -> 5.59492 | N16: =ROUND(M16*I16,1) -> 5.6
B17: 11 | D17: S-39-03-L | G17: UC200*210*12*10 | H17: 1.22 | I17: 1 | J17: 4586 | K17: 4586 | L17: 0 | M17: =K17*H17/1000 -> 5.59492 | N17: =ROUND(M17*I17,1) -> 5.6
B18: 12 | D18: S39-B-03 | G18: UC160*160*12*8 | H18: 0.944 | I18: 1 | J18: 2330 | K18: 2199 | L18: 0 | M18: =K18*H18/1000 -> 2.075856 | N18: =ROUND(M18*I18,1) -> 2.1
B19: 13 | D19: S39-B-04 | G19: UC160*160*12*8 | H19: 0.944 | I19: 1 | J19: 2212 | K19: 2095 | L19: 0 | M19: =K19*H19/1000 -> 1.97768 | N19: =ROUND(M19*I19,1) -> 2
B20: 14 | D20: S39-B-05 | G20: UC160*160*12*8 | H20: 0.944 | I20: 1 | J20: 2237 | K20: 2117 | L20: 0 | M20: =K20*H20/1000 -> 1.998448 | N20: =ROUND(M20*I20,1) -> 2
B21: 15 | C21: AXIS 40 ROW E | D21: S-40-05-U | G21: UC200*210*12*10 | H21: 1.22 | I21: 1 | J21: 5486 | K21: 5486 | L21: 0 | M21: =K21*H21/1000 -> 6.69292 | N21: =ROUND(M21*I21,1) -> 6.7
B22: 16 | D22: S-40-05-L | G22: UC200*210*12*10 | H22: 1.22 | I22: 1 | J22: 5486 | K22: 5486 | L22: 0 | M22: =K22*H22/1000 -> 6.69292 | N22: =ROUND(M22*I22,1) -> 6.7
B23: 17 | D23: S40-E-03 | G23: UC160*160*12*8 | H23: 0.944 | I23: 1 | J23: 1629 | K23: 1629 | L23: 0 | M23: =K23*H23/1000 -> 1.537776 | N23: =ROUND(M23*I23,1) -> 1.5
B24: 18 | D24: S40-E-04 | G24: UC160*160*12*8 | H24: 0.944 | I24: 2 | J24: 2948 | K24: 2771 | L24: 0 | M24: =K24*H24/1000 -> 2.615824 | N24: =ROUND(M24*I24,1) -> 5.2
B25: 19 | C25: AXIS 35 ROW E | D25: S-35-05-U | G25: UC200*210*12*10 | H25: 1.22 | I25: 1 | J25: 5486 | K25: 5486 | L25: 0 | M25: =K25*H25/1000 -> 6.69292 | N25: =ROUND(M25*I25,1) -> 6.7
B26: 20 | D26: S-35-05-L | G26: UC200*210*12*10 | H26: 1.22 | I26: 1 | J26: 5486 | K26: 5486 | L26: 0 | M26: =K26*H26/1000 -> 6.69292 | N26: =ROUND(M26*I26,1) -> 6.7
B27: 21 | D27: S35-E-03 | G27: UC160*160*12*8 | H27: 0.944 | I27: 1 | J27: 1629 | K27: 1629 | L27: 0 | M27: =K27*H27/1000 -> 1.537776 | N27: =ROUND(M27*I27,1) -> 1.5
B28: 22 | D28: S35-E-04 | G28: UC160*160*12*8 | H28: 0.944 | I28: 2 | J28: 2948 | K28: 2771 | L28: 0 | M28: =K28*H28/1000 -> 2.615824 | N28: =ROUND(M28*I28,1) -> 5.2
B29: 23 | C29: SEGMENT.06 / S39 | D29: S19-45 | G29: UC313*308*20*15 | H29: 1.828 | I29: 2 | J29: 4554 | K29: 4554 | L29: 0 | M29: =K29*H29/1000 -> 8.324712 | N29: =ROUND(M29*I29-I29*L29,1) -> 16.6
B30: 24 | D30: S39-02 | G30: UC160*160*12*8 | H30: 0.944 | I30: 1 | J30: 2383 | K30: 2238 | L30: 0 | M30: =K30*H30/1000 -> 2.112672 | N30: =ROUND(M30*I30-I30*L30,1) -> 2.1
B31: 25 | D31: S39-03 | G31: UC160*160*12*8 | H31: 0.944 | I31: 2 | J31: 1510 | K31: 1510 | L31: 0 | M31: =K31*H31/1000 -> 1.42544 | N31: =ROUND(M31*I31-I31*L31,1) -> 2.9
B32: 26 | C32: BOLLARD AXIS38 ROW G' | H32: 45.869 | I32: 1 | J32: - | K32: - | L32: 0.869 | M32: 45.869 | N32: =ROUND(M32*I32-I32*L32,1) -> 45
B33: 27 | C33: SEGMENT.01 / S39 | D33: S19-45 | G33: UC313*308*20*15 | H33: 1.828 | I33: 2 | J33: 5180 | K33: 5180 | L33: 0 | M33: =K33*H33/1000 -> 9.46904 | N33: =ROUND(M33*I33-I33*L33,1) -> 18.9
B34: 28 | D34: S39-01 | G34: UC160*160*12*8 | H34: 0.944 | I34: 1 | J34: 2408 | K34: 2245 | L34: 0 | M34: =K34*H34/1000 -> 2.11928 | N34: =ROUND(M34*I34-I34*L34,1) -> 2.1
B35: 29 | D35: S39-02 | G35: UC160*160*12*8 | H35: 0.944 | I35: 1 | J35: 2383 | K35: 2238 | L35: 0 | M35: =K35*H35/1000 -> 2.112672 | N35: =ROUND(M35*I35-I35*L35,1) -> 2.1
B36: 30 | D36: S39-03 | G36: UC160*160*12*8 | H36: 0.944 | I36: 1 | J36: 1510 | K36: 1510 | L36: 0 | M36: =K36*H36/1000 -> 1.42544 | N36: =ROUND(M36*I36-I36*L36,1) -> 1.4
B37: 31 | D37: S39-04 | G37: UC220*210*12*8 | H37: 1.284 | I37: 1 | J37: 1510 | K37: 1510 | L37: 0 | M37: =K37*H37/1000 -> 1.93884 | N37: =ROUND(M37*I37-I37*L37,1) -> 1.9
B38: 32 | C38: S-38-02-L | G38: UC200*210*12*10 | H38: 1.22 | I38: 1 | J38: 6732 | K38: 6732 | L38: 0 | M38: =H38*K38/1000 -> 8.21304 | N38: =ROUND(M38*I38-I38*L38,1) -> 8.2
B39: 33 | C39: S-39-06-U | G39: UC200*210*12*10 | H39: 1.22 | I39: 2 | J39: 7829 | K39: 7829 | L39: 0 | M39: =H39*K39/1000 -> 9.55138 | N39: =ROUND(M39*I39-I39*L39,1) -> 19.1
B40: 34 | C40: S-38-06-U | G40: UC200*210*12*10 | H40: 1.22 | I40: 1 | J40: 7829 | K40: 7829 | L40: 0 | M40: =H40*K40/1000 -> 9.55138 | N40: =ROUND(M40*I40-I40*L40,1) -> 9.6
B41: 35 | C41: S-39-04-L | G41: UC200*210*12*10 | H41: 1.22 | I41: 1 | J41: 7579 | K41: 7579 | L41: 0 | M41: =H41*K41/1000 -> 9.24638 | N41: =ROUND(M41*I41-I41*L41,1) -> 9.2
B42: 36 | C42: S-40-07-U | G42: UC200*210*12*10 | H42: 1.22 | I42: 1 | J42: 7619 | K42: 7619 | L42: 0 | M42: =H42*K42/1000 -> 9.29518 | N42: =ROUND(M42*I42-I42*L42,1) -> 9.3
B43: 37 | C43: S-41-06-U | G43: UC200*210*12*10 | H43: 1.22 | I43: 1 | J43: 7829 | K43: 7829 | L43: 0 | M43: =H43*K43/1000 -> 9.55138 | N43: =ROUND(M43*I43-I43*L43,1) -> 9.6
B44: 38 | C44: SUPPORT GRATING | G44: UC165*305*12*8 | H44: 1.254 | I44: 1 | J44: 5460 | K44: 5460 | L44: 0 | M44: =ROUNDUP(H44*K44/1000,2) -> 6.85 | N44: =M44*I44-L44*I44 -> 6.85
B45: 39 | C45: S-39-07-L | G45: UC200*210*12*10 | H45: 1.22 | I45: 1 | J45: 7619 | K45: 7619 | L45: 0 | M45: =H45*K45/1000 -> 9.29518 | N45: =ROUND(M45*I45-I45*L45,1) -> 9.3
B46: 40 | C46: S-39-07-U | G46: UC200*210*12*10 | H46: 1.22 | I46: 1 | J46: 7619 | K46: 7619 | L46: 0 | M46: =H46*K46/1000 -> 9.29518 | N46: =ROUND(M46*I46-I46*L46,1) -> 9.3
B47: 41 | C47: S-40-06-L | G47: UC200*210*12*10 | H47: 1.22 | I47: 1 | J47: 7829 | K47: 7829 | L47: 0 | M47: =H47*K47/1000 -> 9.55138 | N47: =ROUND(M47*I47-I47*L47,1) -> 9.6
B48: 42 | C48: S-40-04-L | G48: UC200*210*12*10 | H48: 1.22 | I48: 1 | J48: 7579 | K48: 7579 | L48: 0 | M48: =ROUNDUP(H48*K48/1000,2) -> 9.25 | N48: =M48*I48-L48*I48 -> 9.25
B49: 43 | C49: S-40-04-U | G49: UC200*210*12*10 | H49: 1.22 | I49: 1 | J49: 7579 | K49: 7579 | L49: 0 | M49: =H49*K49/1000 -> 9.24638 | N49: =ROUND(M49*I49-I49*L49,1) -> 9.2
B50: 44 | C50: S32-02 | G50: UC160*160*12*8 | H50: 0.944 | I50: 2 | J50: 2383 | K50: 2238 | L50: 0 | M50: =H50*K50/1000 -> 2.112672 | N50: =ROUND(M50*I50-I50*L50,1) -> 4.2
B51: جمع کل | N51: =SUM(N7:N50) -> 361.65
B52: جمع کل دو لایه | N52: 723.4
B53: پیمانکار : تاریخ : | I53: دستگاه نظارت : تاریخ :
B55: منبع مدرک: کارفرما ناظر مقیم پروژه امور قرارداد ها بایگانی دستگاه نظارت پیمانکار

Sheet PNT-G-119
B1: صورت مجلس | E1: شماره ویرایش مدرک: | H1: تاریخ ویرایش مدرک: | K1: EC-01-F-09
F4: صورتمجلس
B11: نام پروژه: تعمیرات اساسی ضلع جنوبی اسکله شرقی جزیره خارگ ازمحور19الی45 (PC) | F11: شماره صورت PNT-G-119 | J11: تاریخ :1404/07/15
B14: نام پیمانکار: شرکت صنایع فرا ساحل (صف) | F14: شماره قرارداد: 11048-73-38 | J14: تعداد صفحات پيوست: 5 صفحه
B17: موضـوع: اضافه بهای اعمال رنگ High Solid GLASS FLAKE EPOXY به وسیله دستگاه رنگ پاش بدون هوا (Airless) به ضخامت 250 میکرون در اسکله ( در صورتی که سطح مورد نظر ، لوله تا 8 اینچ یا مقاطع فولادی تا 200 میلی متر باشد.)
B20: بدینوسیله امضا کنندگان ذیل تایید می نمایند , عملیات اعمال رنگ High Solid GLASS FLAKE EPOXY به وسیله دستگاه رنگ پاش بدون هوا (Airless) به ضخامت 250 میکرون در اسکله بر روی المان های ناحیه حد فاصل محور های 19 الی 45 ضلع جنوبی اسکله شرقی مطابق با ریزمتره پیوست به مساحت 574/8 متر مربع انجام گردید.
B26: ردیف | C26: ردیف فهرست بها | E26: شرح | I26: مقدار | K26: واحد
B28: 21 | C28: 641903122 | E28: اضافه بهای اعمال رنگ High Solid GLASS FLAKE EPOXY به وسیله دستگاه رنگ پاش بدون هوا (Airless) به ضخامت 250 میکرون در اسکله ( در صورتی که سطح مورد نظر ، لوله تا 8 اینچ یا مقاطع فولادی تا 200 میلی متر باشد.) | I28: 574/8 | K28: متر مربع
B31: پیمانکار | F31: دستگاه نظارت | J31: کار فرما
B35: منبع مدرک: کارفرما ناظر مقیم پروژه امور قرارداد ها بایگانی دستگاه نظارت پیمانکار

Sheet  المان PNT-G-119
G2: شماره صورتمجلس PNT-G-119
B5: موضـوع: اضافه بهای اعمال رنگ High Solid GLASS FLAKE Epoxy به وسیله دستگاه رنگ پاش بدون هوا (Airless) به ضخامت 250 میکرون در اسکله ( در صورتی که سطح مورد نظر ، لوله تا 8 اینچ یا مقاطع فولادی تا 200 میلی متر باشد.)
B6: موقعیت: محورهای 19 الی 45
B7: 1 | C7: S-38-05-L | G7: UC200*210*12*10 | H7: 1.22 | I7: 1 | J7: 5486 | K7: 5486 | L7: 0 | M7: =H7*K7/1000 -> 6.69292 | N7: =ROUND(M7*I7-I7*L7,1) -> 6.7 | AC7: REPORT 111 - FINISH COAT
B8: 2 | C8: S-39-02-L | G8: UC200*210*12*10 | H8: 1.22 | I8: 1 | J8: 6732 | K8: 6732 | L8: 0 | M8: =H8*K8/1000 -> 8.21304 | N8: =ROUND(M8*I8-I8*L8,1) -> 8.2 | AC8: REPORT 113 - FINISH COAT
B9: 3 | C9: SUPPORT GRATING | G9: UC165*305*12*8 | H9: 1.254 | I9: 1 | J9: 5460 | K9: 5460 | L9: 0 | M9: =ROUNDUP(H9*K9/1000,2) -> 6.85 | N9: =M9*I9-L9*I9 -> 6.85 | AC9: REPORT 114 - FINISH COAT
B10: 4 | C10: S-41-02-L | G10: UC200*210*12*10 | H10: 1.22 | I10: 1 | J10: 6732 | K10: 6732 | L10: 0 | M10: =H10*K10/1000 -> 8.21304 | N10: =ROUND(M10*I10-I10*L10,1) -> 8.2 | AC10: REPORT 115 - FINISH COAT
B11: 5 | C11: S-39-2-U | G11: UC200*210*12*10 | H11: 1.22 | I11: 1 | J11: 6732 | K11: 6732 | L11: 0 | M11: =H11*K11/1000 -> 8.21304 | N11: =ROUND(M11*I11-I11*L11,1) -> 8.2
B12: 6 | C12: S-32-05-L | G12: UC200*210*12*10 | H12: 1.22 | I12: 2 | J12: 5486 | K12: 5486 | L12: 0 | M12: =H12*K12/1000 -> 6.69292 | N12: =ROUND(M12*I12-I12*L12,1) -> 13.4
B13: 7 | C13: S-35-02-L | G13: UC200*210*12*10 | H13: 1.22 | I13: 1 | J13: 6732 | K13: 6732 | L13: 0 | M13: =H13*K13/1000 -> 8.21304 | N13: =ROUND(M13*I13-I13*L13,1) -> 8.2
B14: 8 | C14: S-35-06-L | G14: UC200*210*12*10 | H14: 1.22 | I14: 1 | J14: 7829 | K14: 7829 | L14: 0 | M14: =H14*K14/1000 -> 9.55138 | N14: =ROUND(M14*I14-I14*L14,1) -> 9.6
B15: 9 | C15: S-35-06-U | G15: UC200*210*12*10 | H15: 1.22 | I15: 2 | J15: 7829 | K15: 7829 | L15: 0 | M15: =H15*K15/1000 -> 9.55138 | N15: =ROUND(M15*I15-I15*L15,1) -> 19.1
B16: 10 | C16: AXIS 39 ROW B | D16: S-39-03-U | G16: UC200*210*12*10 | H16: 1.22 | I16: 1 | J16: 4586 | K16: 4586 | L16: 0 | M16: =K16*H16/1000 -> 5.59492 | N16: =ROUND(M16*I16,1) -> 5.6
B17: 11 | D17: S-39-03-L | G17: UC200*210*12*10 | H17: 1.22 | I17: 1 | J17: 4586 | K17: 4586 | L17: 0 | M17: =K17*H17/1000 -> 5.59492 | N17: =ROUND(M17*I17,1) -> 5.6
B18: 12 | D18: S39-B-03 | G18: UC160*160*12*8 | H18: 0.944 | I18: 1 | J18: 2330 | K18: 2199 | L18: 0 | M18: =K18*H18/1000 -> 2.075856 | N18: =ROUND(M18*I18,1) -> 2.1
B19: 13 | D19: S39-B-04 | G19: UC160*160*12*8 | H19: 0.944 | I19: 1 | J19: 2212 | K19: 2095 | L19: 0 | M19: =K19*H19/1000 -> 1.97768 | N19: =ROUND(M19*I19,1) -> 2
B20: 14 | D20: S39-B-05 | G20: UC160*160*12*8 | H20: 0.944 | I20: 1 | J20: 2237 | K20: 2117 | L20: 0 | M20: =K20*H20/1000 -> 1.998448 | N20: =ROUND(M20*I20,1) -> 2
B21: 15 | C21: AXIS 40 ROW E | D21: S-40-05-U | G21: UC200*210*12*10 | H21: 1.22 | I21: 1 | J21: 5486 | K21: 5486 | L21: 0 | M21: =K21*H21/1000 -> 6.69292 | N21: =ROUND(M21*I21,1) -> 6.7
B22: 16 | D22: S-40-05-L | G22: UC200*210*12*10 | H22: 1.22 | I22: 1 | J22: 5486 | K22: 5486 | L22: 0 | M22: =K22*H22/1000 -> 6.69292 | N22: =ROUND(M22*I22,1) -> 6.7
B23: 17 | D23: S40-E-03 | G23: UC160*160*12*8 | H23: 0.944 | I23: 1 | J23: 1629 | K23: 1629 | L23: 0 | M23: =K23*H23/1000 -> 1.537776 | N23: =ROUND(M23*I23,1) -> 1.5
B24: 18 | D24: S40-E-04 | G24: UC160*160*12*8 | H24: 0.944 | I24: 2 | J24: 2948 | K24: 2771 | L24: 0 | M24: =K24*H24/1000 -> 2.615824 | N24: =ROUND(M24*I24,1) -> 5.2
B25: 19 | C25: AXIS 35 ROW E | D25: S-35-05-U | G25: UC200*210*12*10 | H25: 1.22 | I25: 1 | J25: 5486 | K25: 5486 | L25: 0 | M25: =K25*H25/1000 -> 6.69292 | N25: =ROUND(M25*I25,1) -> 6.7
B26: 20 | D26: S-35-05-L | G26: UC200*210*12*10 | H26: 1.22 | I26: 1 | J26: 5486 | K26: 5486 | L26: 0 | M26: =K26*H26/1000 -> 6.69292 | N26: =ROUND(M26*I26,1) -> 6.7
B27: 21 | D27: S35-E-03 | G27: UC160*160*12*8 | H27: 0.944 | I27: 1 | J27: 1629 | K27: 1629 | L27: 0 | M27: =K27*H27/1000 -> 1.537776 | N27: =ROUND(M27*I27,1) -> 1.5
B28: 22 | D28: S35-E-04 | G28: UC160*160*12*8 | H28: 0.944 | I28: 2 | J28: 2948 | K28: 2771 | L28: 0 | M28: =K28*H28/1000 -> 2.615824 | N28: =ROUND(M28*I28,1) -> 5.2
B29: 23 | C29: SEGMENT.06 / S39 | D29: S19-45 | G29: UC313*308*20*15 | H29: 1.828 | I29: 0 | J29: 4554 | K29: 4554 | L29: 0 | M29: =K29*H29/1000 -> 8.324712 | N29: =ROUND(M29*I29-I29*L29,1) -> 0
B30: 24 | D30: S39-02 | G30: UC160*160*12*8 | H30: 0.944 | I30: 1 | J30: 2383 | K30: 2238 | L30: 0 | M30: =K30*H30/1000 -> 2.112672 | N30: =ROUND(M30*I30-I30*L30,1) -> 2.1
B31: 25 | D31: S39-03 | G31: UC160*160*12*8 | H31: 0.944 | I31: 2 | J31: 1510 | K31: 1510 | L31: 0 | M31: =K31*H31/1000 -> 1.42544 | N31: =ROUND(M31*I31-I31*L31,1) -> 2.9
B32: 26 | C32: BOLLARD AXIS38 ROW G' | H32: 9.628 | I32: 1 | J32: - | K32: - | L32: 1.575 | M32: 9.628 | N32: =ROUND(M32*I32-I32*L32,1) -> 8.1
B33: 27 | C33: SEGMENT.01 / S39 | D33: S19-45 | G33: UC313*308*20*15 | H33: 1.828 | I33: 0 | J33: 5180 | K33: 5180 | L33: 0 | M33: =K33*H33/1000 -> 9.46904 | N33: =ROUND(M33*I33-I33*L33,1) -> 0
B34: 28 | D34: S39-01 | G34: UC160*160*12*8 | H34: 0.944 | I34: 1 | J34: 2408 | K34: 2245 | L34: 0 | M34: =K34*H34/1000 -> 2.11928 | N34: =ROUND(M34*I34-I34*L34,1) -> 2.1
B35: 29 | D35: S39-02 | G35: UC160*160*12*8 | H35: 0.944 | I35: 1 | J35: 2383 | K35: 2238 | L35: 0 | M35: =K35*H35/1000 -> 2.112672 | N35: =ROUND(M35*I35-I35*L35,1) -> 2.1
B36: 30 | D36: S39-03 | G36: UC160*160*12*8 | H36: 0.944 | I36: 1 | J36: 1510 | K36: 1510 | L36: 0 | M36: =K36*H36/1000 -> 1.42544 | N36: =ROUND(M36*I36-I36*L36,1) -> 1.4
B37: 31 | D37: S39-04 | G37: UC220*210*12*8 | H37: 1.284 | I37: 0 | J37: 1510 | K37: 1510 | L37: 0 | M37: =K37*H37/1000 -> 1.93884 | N37: =ROUND(M37*I37-I37*L37,1) -> 0
B38: 32 | C38: S-38-02-L | G38: UC200*210*12*10 | H38: 1.22 | I38: 1 | J38: 6732 | K38: 6732 | L38: 0 | M38: =H38*K38/1000 -> 8.21304 | N38: =ROUND(M38*I38-I38*L38,1) -> 8.2
B39: 33 | C39: S-39-06-U | G39: UC200*210*12*10 | H39: 1.22 | I39: 2 | J39: 7829 | K39: 7829 | L39: 0 | M39: =H39*K39/1000 -> 9.55138 | N39: =ROUND(M39*I39-I39*L39,1) -> 19.1
B40: 34 | C40: S-38-06-U | G40: UC200*210*12*10 | H40: 1.22 | I40: 1 | J40: 7829 | K40: 7829 | L40: 0 | M40: =H40*K40/1000 -> 9.55138 | N40: =ROUND(M40*I40-I40*L40,1) -> 9.6
B41: 35 | C41: S-39-04-L | G41: UC200*210*12*10 | H41: 1.22 | I41: 1 | J41: 7579 | K41: 7579 | L41: 0 | M41: =H41*K41/1000 -> 9.24638 | N41: =ROUND(M41*I41-I41*L41,1) -> 9.2
B42: 36 | C42: S-40-07-U | G42: UC200*210*12*10 | H42: 1.22 | I42: 1 | J42: 7619 | K42: 7619 | L42: 0 | M42: =H42*K42/1000 -> 9.29518 | N42: =ROUND(M42*I42-I42*L42,1) -> 9.3
B43: 37 | C43: S-41-06-U | G43: UC200*210*12*10 | H43: 1.22 | I43: 1 | J43: 7829 | K43: 7829 | L43: 0 | M43: =H43*K43/1000 -> 9.55138 | N43: =ROUND(M43*I43-I43*L43,1) -> 9.6
B44: 38 | C44: SUPPORT GRATING | G44: UC165*305*12*8 | H44: 1.254 | I44: 1 | J44: 5460 | K44: 5460 | L44: 0 | M44: =ROUNDUP(H44*K44/1000,2) -> 6.85 | N44: =M44*I44-L44*I44 -> 6.85
B45: 39 | C45: S-39-07-L | G45: UC200*210*12*10 | H45: 1.22 | I45: 1 | J45: 7619 | K45: 7619 | L45: 0 | M45: =H45*K45/1000 -> 9.29518 | N45: =ROUND(M45*I45-I45*L45,1) -> 9.3
B46: 40 | C46: S-39-07-U | G46: UC200*210*12*10 | H46: 1.22 | I46: 1 | J46: 7619 | K46: 7619 | L46: 0 | M46: =H46*K46/1000 -> 9.29518 | N46: =ROUND(M46*I46-I46*L46,1) -> 9.3
B47: 41 | C47: S-40-06-L | G47: UC200*210*12*10 | H47: 1.22 | I47: 1 | J47: 7829 | K47: 7829 | L47: 0 | M47: =H47*K47/1000 -> 9.55138 | N47: =ROUND(M47*I47-I47*L47,1) -> 9.6
B48: 42 | C48: S-40-04-L | G48: UC200*210*12*10 | H48: 1.22 | I48: 1 | J48: 7579 | K48: 7579 | L48: 0 | M48: =ROUNDUP(H48*K48/1000,2) -> 9.25 | N48: =M48*I48-L48*I48 -> 9.25
B49: 43 | C49: S-40-04-U | G49: UC200*210*12*10 | H49: 1.22 | I49: 1 | J49: 7579 | K49: 7579 | L49: 0 | M49: =H49*K49/1000 -> 9.24638 | N49: =ROUND(M49*I49-I49*L49,1) -> 9.2
B50: 44 | C50: S32-02 | G50: UC160*160*12*8 | H50: 0.944 | I50: 2 | J50: 2383 | K50: 2238 | L50: 0 | M50: =H50*K50/1000 -> 2.112672 | N50: =ROUND(M50*I50-I50*L50,1) -> 4.2
B51: جمع کل | N51: =SUM(N7:N50) -> 287.35
B52: جمع کل دو لایه | N52: 574.8
B53: پیمانکار : تاریخ : | I53: دستگاه نظارت : تاریخ :
B55: منبع مدرک: کارفرما ناظر مقیم پروژه امور قرارداد ها بایگانی دستگاه نظارت پیمانکار

Sheet PNT-G-118
B1: صورت مجلس | E1: شماره ویرایش مدرک: | H1: تاریخ ویرایش مدرک: | K1: EC-01-F-09
F4: صورتمجلس
B11: نام پروژه: تعمیرات اساسی ضلع جنوبی اسکله شرقی جزیره خارگ ازمحور19الی45 (PC) | F11: شماره صورت PNT-G-118 | J11: تاریخ :1404/07/15
B14: نام پیمانکار: شرکت صنایع فرا ساحل (صف) | F14: شماره قرارداد: 11048-73-38 | J14: تعداد صفحات پيوست: 5 صفحه
B17: موضـوع: اعمال رنگ High Solid GLASS FLAKE EPOXY به وسیله دستگاه رنگ پاش بدون هوا (Airless) به ضخامت 250 میکرون در اسکله
B20: بدینوسیله امضا کنندگان ذیل تایید می نمایند , عملیات اعمال رنگ High Solid GLASS FLAKE EPOXY به وسیله دستگاه رنگ پاش بدون هوا (Airless) به ضخامت 250 میکرون در اسکله بر روی المان های ناحیه حد فاصل محور های 19 الی 45 ضلع جنوبی اسکله شرقی مطابق با ریزمتره پیوست به مساحت 723/4 متر مربع انجام گردید.
B26: ردیف | C26: ردیف فهرست بها | E26: شرح | I26: مقدار | K26: واحد
B28: 17 | C28: 641903107 | E28: اعمال رنگ High Solid GLASS FLAKE EPOXY به وسیله دستگاه رنگ پاش بدون هوا (Airless) به ضخامت 250 میکرون در اسکله | I28: 723/4 | K28: متر مربع
B31: پیمانکار | F31: دستگاه نظارت | J31: کار فرما
B35: منبع مدرک: کارفرما ناظر مقیم پروژه امور قرارداد ها بایگانی دستگاه نظارت پیمانکار

Sheet  المان PNT-G-118
G2: شماره صورتمجلس PNT-G-118
B5: موضـوع: اعمال رنگ High Solid GLASS FLAKE EPOXY به وسیله دستگاه رنگ پاش بدون هوا (Airless) به ضخامت 250 میکرون در اسکله
B6: موقعیت: محورهای 19 الی 45
B7: 1 | C7: S-38-05-L | G7: UC200*210*12*10 | H7: 1.22 | I7: 1 | J7: 5486 | K7: 5486 | L7: 0 | M7: =H7*K7/1000 -> 6.69292 | N7: =ROUND(M7*I7-I7*L7,1) -> 6.7 | AC7: REPORT 111 - FINISH COAT
B8: 2 | C8: S-39-02-L | G8: UC200*210*12*10 | H8: 1.22 | I8: 1 | J8: 6732 | K8: 6732 | L8: 0 | M8: =H8*K8/1000 -> 8.21304 | N8: =ROUND(M8*I8-I8*L8,1) -> 8.2 | AC8: REPORT 113 - FINISH COAT
B9: 3 | C9: SUPPORT GRATING | G9: UC165*305*12*8 | H9: 1.254 | I9: 1 | J9: 5460 | K9: 5460 | L9: 0 | M9: =ROUNDUP(H9*K9/1000,2) -> 6.85 | N9: =M9*I9-L9*I9 -> 6.85 | AC9: REPORT 114 - FINISH COAT
B10: 4 | C10: S-41-02-L | G10: UC200*210*12*10 | H10: 1.22 | I10: 1 | J10: 6732 | K10: 6732 | L10: 0 | M10: =H10*K10/1000 -> 8.21304 | N10: =ROUND(M10*I10-I10*L10,1) -> 8.2 | AC10: REPORT 115 - FINISH COAT
B11: 5 | C11: S-39-2-U | G11: UC200*210*12*10 | H11: 1.22 | I11: 1 | J11: 6732 | K11: 6732 | L11: 0 | M11: =H11*K11/1000 -> 8.21304 | N11: =ROUND(M11*I11-I11*L11,1) -> 8.2
B12: 6 | C12: S-32-05-L | G12: UC200*210*12*10 | H12: 1.22 | I12: 2 | J12: 5486 | K12: 5486 | L12: 0 | M12: =H12*K12/1000 -> 6.69292 | N12: =ROUND(M12*I12-I12*L12,1) -> 13.4
B13: 7 | C13: S-35-02-L | G13: UC200*210*12*10 | H13: 1.22 | I13: 1 | J13: 6732 | K13: 6732 | L13: 0 | M13: =H13*K13/1000 -> 8.21304 | N13: =ROUND(M13*I13-I13*L13,1) -> 8.2
B14: 8 | C14: S-35-06-L | G14: UC200*210*12*10 | H14: 1.22 | I14: 1 | J14: 7829 | K14: 7829 | L14: 0 | M14: =H14*K14/1000 -> 9.55138 | N14: =ROUND(M14*I14-I14*L14,1) -> 9.6
B15: 9 | C15: S-35-06-U | G15: UC200*210*12*10 | H15: 1.22 | I15: 2 | J15: 7829 | K15: 7829 | L15: 0 | M15: =H15*K15/1000 -> 9.55138 | N15: =ROUND(M15*I15-I15*L15,1) -> 19.1
B16: 10 | C16: AXIS 39 ROW B | D16: S-39-03-U | G16: UC200*210*12*10 | H16: 1.22 | I16: 1 | J16: 4586 | K16: 4586 | L16: 0 | M16: =K16*H16/1000 -> 5.59492 | N16: =ROUND(M16*I16,1) -> 5.6
B17: 11 | D17: S-39-03-L | G17: UC200*210*12*10 | H17: 1.22 | I17: 1 | J17: 4586 | K17: 4586 | L17: 0 | M17: =K17*H17/1000 -> 5.59492 | N17: =ROUND(M17*I17,1) -> 5.6
B18: 12 | D18: S39-B-03 | G18: UC160*160*12*8 | H18: 0.944 | I18: 1 | J18: 2330 | K18: 2199 | L18: 0 | M18: =K18*H18/1000 -> 2.075856 | N18: =ROUND(M18*I18,1) -> 2.1
B19: 13 | D19: S39-B-04 | G19: UC160*160*12*8 | H19: 0.944 | I19: 1 | J19: 2212 | K19: 2095 | L19: 0 | M19: =K19*H19/1000 -> 1.97768 | N19: =ROUND(M19*I19,1) -> 2
B20: 14 | D20: S39-B-05 | G20: UC160*160*12*8 | H20: 0.944 | I20: 1 | J20: 2237 | K20: 2117 | L20: 0 | M20: =K20*H20/1000 -> 1.998448 | N20: =ROUND(M20*I20,1) -> 2
B21: 15 | C21: AXIS 40 ROW E | D21: S-40-05-U | G21: UC200*210*12*10 | H21: 1.22 | I21: 1 | J21: 5486 | K21: 5486 | L21: 0 | M21: =K21*H21/1000 -> 6.69292 | N21: =ROUND(M21*I21,1) -> 6.7
B22: 16 | D22: S-40-05-L | G22: UC200*210*12*10 | H22: 1.22 | I22: 1 | J22: 5486 | K22: 5486 | L22: 0 | M22: =K22*H22/1000 -> 6.69292 | N22: =ROUND(M22*I22,1) -> 6.7
B23: 17 | D23: S40-E-03 | G23: UC160*160*12*8 | H23: 0.944 | I23: 1 | J23: 1629 | K23: 1629 | L23: 0 | M23: =K23*H23/1000 -> 1.537776 | N23: =ROUND(M23*I23,1) -> 1.5
B24: 18 | D24: S40-E-04 | G24: UC160*160*12*8 | H24: 0.944 | I24: 2 | J24: 2948 | K24: 2771 | L24: 0 | M24: =K24*H24/1000 -> 2.615824 | N24: =ROUND(M24*I24,1) -> 5.2
B25: 19 | C25: AXIS 35 ROW E | D25: S-35-05-U | G25: UC200*210*12*10 | H25: 1.22 | I25: 1 | J25: 5486 | K25: 5486 | L25: 0 | M25: =K25*H25/1000 -> 6.69292 | N25: =ROUND(M25*I25,1) -> 6.7
B26: 20 | D26: S-35-05-L | G26: UC200*210*12*10 | H26: 1.22 | I26: 1 | J26: 5486 | K26: 5486 | L26: 0 | M26: =K26*H26/1000 -> 6.69292 | N26: =ROUND(M26*I26,1) -> 6.7
B27: 21 | D27: S35-E-03 | G27: UC160*160*12*8 | H27: 0.944 | I27: 1 | J27: 1629 | K27: 1629 | L27: 0 | M27: =K27*H27/1000 -> 1.537776 | N27: =ROUND(M27*I27,1) -> 1.5
B28: 22 | D28: S35-E-04 | G28: UC160*160*12*8 | H28: 0.944 | I28: 2 | J28: 2948 | K28: 2771 | L28: 0 | M28: =K28*H28/1000 -> 2.615824 | N28: =ROUND(M28*I28,1) -> 5.2
B29: 23 | C29: SEGMENT.06 / S39 | D29: S19-45 | G29: UC313*308*20*15 | H29: 1.828 | I29: 2 | J29: 4554 | K29: 4554 | L29: 0 | M29: =K29*H29/1000 -> 8.324712 | N29: =ROUND(M29*I29-I29*L29,1) -> 16.6
B30: 24 | D30: S39-02 | G30: UC160*160*12*8 | H30: 0.944 | I30: 1 | J30: 2383 | K30: 2238 | L30: 0 | M30: =K30*H30/1000 -> 2.112672 | N30: =ROUND(M30*I30-I30*L30,1) -> 2.1
B31: 25 | D31: S39-03 | G31: UC160*160*12*8 | H31: 0.944 | I31: 2 | J31: 1510 | K31: 1510 | L31: 0 | M31: =K31*H31/1000 -> 1.42544 | N31: =ROUND(M31*I31-I31*L31,1) -> 2.9
B32: 26 | C32: BOLLARD AXIS38 ROW G' | H32: 45.869 | I32: 1 | J32: - | K32: - | L32: 0.869 | M32: 45.869 | N32: =ROUND(M32*I32-I32*L32,1) -> 45
B33: 27 | C33: SEGMENT.01 / S39 | D33: S19-45 | G33: UC313*308*20*15 | H33: 1.828 | I33: 2 | J33: 5180 | K33: 5180 | L33: 0 | M33: =K33*H33/1000 -> 9.46904 | N33: =ROUND(M33*I33-I33*L33,1) -> 18.9
B34: 28 | D34: S39-01 | G34: UC160*160*12*8 | H34: 0.944 | I34: 1 | J34: 2408 | K34: 2245 | L34: 0 | M34: =K34*H34/1000 -> 2.11928 | N34: =ROUND(M34*I34-I34*L34,1) -> 2.1
B35: 29 | D35: S39-02 | G35: UC160*160*12*8 | H35: 0.944 | I35: 1 | J35: 2383 | K35: 2238 | L35: 0 | M35: =K35*H35/1000 -> 2.112672 | N35: =ROUND(M35*I35-I35*L35,1) -> 2.1
B36: 30 | D36: S39-03 | G36: UC160*160*12*8 | H36: 0.944 | I36: 1 | J36: 1510 | K36: 1510 | L36: 0 | M36: =K36*H36/1000 -> 1.42544 | N36: =ROUND(M36*I36-I36*L36,1) -> 1.4
B37: 31 | D37: S39-04 | G37: UC220*210*12*8 | H37: 1.284 | I37: 1 | J37: 1510 | K37: 1510 | L37: 0 | M37: =K37*H37/1000 -> 1.93884 | N37: =ROUND(M37*I37-I37*L37,1) -> 1.9
B38: 32 | C38: S-38-02-L | G38: UC200*210*12*10 | H38: 1.22 | I38: 1 | J38: 6732 | K38: 6732 | L38: 0 | M38: =H38*K38/1000 -> 8.21304 | N38: =ROUND(M38*I38-I38*L38,1) -> 8.2
B39: 33 | C39: S-39-06-U | G39: UC200*210*12*10 | H39: 1.22 | I39: 2 | J39: 7829 | K39: 7829 | L39: 0 | M39: =H39*K39/1000 -> 9.55138 | N39: =ROUND(M39*I39-I39*L39,1) -> 19.1
B40: 34 | C40: S-38-06-U | G40: UC200*210*12*10 | H40: 1.22 | I40: 1 | J40: 7829 | K40: 7829 | L40: 0 | M40: =H40*K40/1000 -> 9.55138 | N40: =ROUND(M40*I40-I40*L40,1) -> 9.6
B41: 35 | C41: S-39-04-L | G41: UC200*210*12*10 | H41: 1.22 | I41: 1 | J41: 7579 | K41: 7579 | L41: 0 | M41: =H41*K41/1000 -> 9.24638 | N41: =ROUND(M41*I41-I41*L41,1) -> 9.2
B42: 36 | C42: S-40-07-U | G42: UC200*210*12*10 | H42: 1.22 | I42: 1 | J42: 7619 | K42: 7619 | L42: 0 | M42: =H42*K42/1000 -> 9.29518 | N42: =ROUND(M42*I42-I42*L42,1) -> 9.3
B43: 37 | C43: S-41-06-U | G43: UC200*210*12*10 | H43: 1.22 | I43: 1 | J43: 7829 | K43: 7829 | L43: 0 | M43: =H43*K43/1000 -> 9.55138 | N43: =ROUND(M43*I43-I43*L43,1) -> 9.6
B44: 38 | C44: SUPPORT GRATING | G44: UC165*305*12*8 | H44: 1.254 | I44: 1 | J44: 5460 | K44: 5460 | L44: 0 | M44: =ROUNDUP(H44*K44/1000,2) -> 6.85 | N44: =M44*I44-L44*I44 -> 6.85
B45: 39 | C45: S-39-07-L | G45: UC200*210*12*10 | H45: 1.22 | I45: 1 | J45: 7619 | K45: 7619 | L45: 0 | M45: =H45*K45/1000 -> 9.29518 | N45: =ROUND(M45*I45-I45*L45,1) -> 9.3
B46: 40 | C46: S-39-07-U | G46: UC200*210*12*10 | H46: 1.22 | I46: 1 | J46: 7619 | K46: 7619 | L46: 0 | M46: =H46*K46/1000 -> 9.29518 | N46: =ROUND(M46*I46-I46*L46,1) -> 9.3
B47: 41 | C47: S-40-06-L | G47: UC200*210*12*10 | H47: 1.22 | I47: 1 | J47: 7829 | K47: 7829 | L47: 0 | M47: =H47*K47/1000 -> 9.55138 | N47: =ROUND(M47*I47-I47*L47,1) -> 9.6
B48: 42 | C48: S-40-04-L | G48: UC200*210*12*10 | H48: 1.22 | I48: 1 | J48: 7579 | K48: 7579 | L48: 0 | M48: =ROUNDUP(H48*K48/1000,2) -> 9.25 | N48: =M48*I48-L48*I48 -> 9.25
B49: 43 | C49: S-40-04-U | G49: UC200*210*12*10 | H49: 1.22 | I49: 1 | J49: 7579 | K49: 7579 | L49: 0 | M49: =H49*K49/1000 -> 9.24638 | N49: =ROUND(M49*I49-I49*L49,1) -> 9.2
B50: 44 | C50: S32-02 | G50: UC160*160*12*8 | H50: 0.944 | I50: 2 | J50: 2383 | K50: 2238 | L50: 0 | M50: =H50*K50/1000 -> 2.112672 | N50: =ROUND(M50*I50-I50*L50,1) -> 4.2
B51: جمع کل | N51: =SUM(N7:N50) -> 361.65
B52: جمع کل دو لایه | N52: 723.4
B53: پیمانکار : تاریخ : | I53: دستگاه نظارت : تاریخ :
B55: منبع مدرک: کارفرما ناظر مقیم پروژه امور قرارداد ها بایگانی دستگاه نظارت پیمانکار

Sheet PNT-G-117
B1: صورت مجلس | E1: شماره ویرایش مدرک: | H1: تاریخ ویرایش مدرک: | K1: EC-01-F-09
F4: صورتمجلس
B11: نام پروژه: تعمیرات اساسی ضلع جنوبی اسکله شرقی جزیره خارگ ازمحور19الی45 (PC) | F11: شماره صورتمجلس PNT-G-117 | J11: تاریخ :1404/06/31
B14: نام پیمانکار: شرکت صنایع فرا ساحل (صف) | F14: شماره قرارداد: 11048-73-38 | J14: تعداد صفحات پيوست: 06 صفحه
B17: موضـوع: تهیه رنگ High Solid GLASS FLAKE EPOXY به ضخامت 250 میکرون
B20: بدینوسیله امضا کنندگان ذیل تایید می نمایند , تهیه رنگ High Solid GLASS FLAKE EPOXY به ضخامت 250 میکرون برای المان های ناحیه حد فاصل محور های 19 الی 45 ضلع جنوبی اسکله شرقی مطابق با ریزمتره پیوست به مساحت 561/8 متر مربع انجام گردید.
B26: ردیف | C26: ردیف فهرست بها | E26: شرح | I26: مقدار | K26: واحد
B28: 28 | C28: 641904105 | E28: تهیه رنگ High Solid GLASS FLAKE EPOXY به ضخامت 250 میکرون | I28: 561.8 | K28: متر مربع
B31: پیمانکار | F31: دستگاه نظارت | J31: کار فرما
B35: منبع مدرک: کارفرما ناظر مقیم پروژه امور قرارداد ها بایگانی دستگاه نظارت پیمانکار

Sheet PNT-G-116
B1: صورت مجلس | E1: شماره ویرایش مدرک: | H1: تاریخ ویرایش مدرک: | K1: EC-01-F-09
F4: صورتمجلس
B11: نام پروژه: تعمیرات اساسی ضلع جنوبی اسکله شرقی جزیره خارگ ازمحور19الی45 (PC) | F11: شماره صورت PNT-G-116 | J11: تاریخ :1404/06/31
B14: نام پیمانکار: شرکت صنایع فرا ساحل (صف) | F14: شماره قرارداد: 11048-73-38 | J14: تعداد صفحات پيوست: 3 صفحه
B17: موضـوع: اضافه بها اعمال رنگ High Solid GLASS FLAKE EPOXY به وسیله دستگاه رنگ پاش بدون هوا (Airless) به ضخامت 250 میکرون درناحیه بالای اسپلش زون تا زیر عرشه اسکله معادل 20% بهای واحد ردیف 641903107 طبق بند 13 مقدمه فصل 19 فهرست بها
B20: بدینوسیله امضا کنندگان ذیل تایید می نمایند , عملیات اعمال رنگ High Solid GLASS FLAKE EPOXY به وسیله دستگاه رنگ پاش بدون هوا (Airless) به ضخامت 250 میکرون در درناحیه بالای اسپلش زون تا زیر عرشه اسکله بر روی المان های ناحیه حد فاصل محور های 19 الی 45 ضلع جنوبی اسکله شرقی مطابق با ریزمتره پیوست به مساحت 561/8 متر مربع انجام گردید.
B26: ردیف | C26: ردیف فهرست بها | E26: شرح | I26: مقدار | K26: واحد
B28: 24 | C28: 641903132* | E28: اضافه بها اعمال رنگ High Solid GLASS FLAKE EPOXY به وسیله دستگاه رنگ پاش بدون هوا (Airless) به ضخامت 250 میکرون درناحیه بالای اسپلش زون تا زیر عرشه اسکله معادل 20% بهای واحد ردیف 641903107 طبق بند 13 مقدمه فصل 19 فهرست بها | I28: 561.8 | K28: متر مربع | P28: 569.1511
B31: پیمانکار | F31: دستگاه نظارت | J31: کار فرما
B35: منبع مدرک: کارفرما ناظر مقیم پروژه امور قرارداد ها بایگانی دستگاه نظارت پیمانکار

Sheet  المان PNT-G-16
G2: شماره صورتمجلس PNT-G-116
B5: موضـوع:اضافه بها اعمال رنگ High Solid GLASS FLAKE EPOXY به وسیله دستگاه رنگ پاش بدون هوا (Airless) به ضخامت 250 میکرون درناحیه بالای اسپلش زون تا زیر عرشه اسکله معادل 20% بهای واحد ردیف 641903107 طبق بند 13 مقدمه فصل 19 فهرست بها
B6: موقعیت: محورهای 19 الی 45
B7: ردیف | C7: شرح | H7: سطح واحد(m2) | I7: تعداد | J7: طول/ابعاد (mm) | K7: طول/ابعاد موثر (mm) | L7: همپوشانی یک المان (m2) | M7: سطح یک المان(m2) | N7: سطح کل(m2)
B8: 1 | C8: EXP-BOX-L | H8: 1.4176 | I8: 3 | J8: --- | K8: --- | L8: 0 | M8: =H8 -> 1.4176 | N8: =ROUND(M8*I8-I8*L8,1) -> 4.3
B9: 2 | C9: SUPPORT GRATING | G9: UC165*305*12*8 | H9: 1.254 | I9: 18 | J9: 5460 | K9: 5460 | L9: 0 | M9: =ROUNDUP(H9*K9/1000,2) -> 6.85 | N9: =M9*I9-L9*I9 -> 123.3
B10: 3 | C10: BOLLARD AXIS37 ROW B | H10: 45.869 | I10: 1 | J10: - | K10: - | L10: 0.869 | M10: 45.869 | N10: =ROUND(M10*I10-I10*L10,1) -> 45 | AG10: REPORT 107 - FINISH COAT
B11: 4 | C11: S-35-04-L | G11: UC200*210*12*10 | H11: 1.22 | I11: 1 | J11: 7579 | K11: 7579 | L11: 0 | M11: =H11*K11/1000 -> 9.24638 | N11: =ROUND(M11*I11-I11*L11,1) -> 9.2
B12: 5 | C12: S-35-07-U | G12: UC200*210*12*10 | H12: 1.22 | I12: 1 | J12: 7869 | K12: 7869 | L12: 0 | M12: =H12*K12/1000 -> 9.60018 | N12: =ROUND(M12*I12-I12*L12,1) -> 9.6
B13: 6 | C13: S-42-04-U | G13: UC200*210*12*10 | H13: 1.22 | I13: 1 | J13: 7579 | K13: 7579 | L13: 0 | M13: =H13*K13/1000 -> 9.24638 | N13: =ROUND(M13*I13-I13*L13,1) -> 9.2
B14: 7 | C14: S-42-04-L | G14: UC200*210*12*10 | H14: 1.22 | I14: 1 | J14: 7579 | K14: 7579 | L14: 0 | M14: =H14*K14/1000 -> 9.24638 | N14: =ROUND(M14*I14-I14*L14,1) -> 9.2
B15: 8 | C15: S-35-06-L | G15: UC200*210*12*10 | H15: 1.22 | I15: 2 | J15: 7829 | K15: 7829 | L15: 0 | M15: =H15*K15/1000 -> 9.55138 | N15: =ROUND(M15*I15-I15*L15,1) -> 19.1
B16: 9 | C16: S-35-07-L | G16: UC200*210*12*10 | H16: 1.22 | I16: 1 | J16: 7869 | K16: 7869 | L16: 0 | M16: =H16*K16/1000 -> 9.60018 | N16: =ROUND(M16*I16-I16*L16,1) -> 9.6
B17: 10 | C17: S-35-04-U | G17: UC200*210*12*10 | H17: 1.22 | I17: 1 | J17: 7579 | K17: 7579 | L17: 0 | M17: =H17*K17/1000 -> 9.24638 | N17: =ROUND(M17*I17-I17*L17,1) -> 9.2
B18: 11 | C18: S-35-02-U | G18: UC200*210*12*10 | H18: 1.22 | I18: 1 | J18: 6732 | K18: 6732 | L18: 0 | M18: =H18*K18/1000 -> 8.21304 | N18: =ROUND(M18*I18-I18*L18,1) -> 8.2
B19: 12 | C19: S-38-06-L | G19: UC200*210*12*10 | H19: 1.22 | I19: 1 | J19: 7829 | K19: 7829 | L19: 0 | M19: =H19*K19/1000 -> 9.55138 | N19: =ROUND(M19*I19-I19*L19,1) -> 9.6
B20: 13 | C20: S-34-01-L | G20: UC200*210*12*10 | H20: 1.22 | I20: 1 | J20: 5118 | K20: 5118 | L20: 0 | M20: =H20*K20/1000 -> 6.24396 | N20: =ROUND(M20*I20-I20*L20,1) -> 6.2
B21: 14 | C21: S-36-04-L | G21: UC200*210*12*10 | H21: 1.22 | I21: 1 | J21: 7579 | K21: 7579 | L21: 0 | M21: =H21*K21/1000 -> 9.24638 | N21: =ROUND(M21*I21-I21*L21,1) -> 9.2
B22: جمع کل | N22: =SUM(N8:N21) -> 280.9
B23: جمع کل دو لایه | N23: =N22*2 -> 561.8
B24: پیمانکار : تاریخ : | I24: دستگاه نظارت : تاریخ :
B26: منبع مدرک: کارفرما ناظر مقیم پروژه امور قرارداد ها بایگانی دستگاه نظارت پیمانکار

Sheet PNT-G-115
B1: صورت مجلس | E1: شماره ویرایش مدرک: | H1: تاریخ ویرایش مدرک: | K1: EC-01-F-09
F4: صورتمجلس
B11: نام پروژه: تعمیرات اساسی ضلع جنوبی اسکله شرقی جزیره خارگ ازمحور19الی45 (PC) | F11: شماره صورت PNT-G-115 | J11: تاریخ :1404/06/31
B14: نام پیمانکار: شرکت صنایع فرا ساحل (صف) | F14: شماره قرارداد: 11048-73-38 | J14: تعداد صفحات پيوست: 3 صفحه
B17: موضـوع: اضافه بهای اعمال رنگ High Solid GLASS FLAKE EPOXY به وسیله دستگاه رنگ پاش بدون هوا (Airless) به ضخامت 250 میکرون در اسکله ( در صورتی که سطح مورد نظر ، لوله تا 8 اینچ یا مقاطع فولادی تا 200 میلی متر باشد.)
B20: بدینوسیله امضا کنندگان ذیل تایید می نمایند , عملیات اعمال رنگ High Solid GLASS FLAKE EPOXY به وسیله دستگاه رنگ پاش بدون هوا (Airless) به ضخامت 250 میکرون در اسکله بر روی المان های ناحیه حد فاصل محور های 19 الی 45 ضلع جنوبی اسکله شرقی مطابق با ریزمتره پیوست به مساحت 216/6 متر مربع انجام گردید.
B26: ردیف | C26: ردیف فهرست بها | E26: شرح | I26: مقدار | K26: واحد
B28: 21 | C28: 641903122 | E28: اضافه بهای اعمال رنگ High Solid GLASS FLAKE EPOXY به وسیله دستگاه رنگ پاش بدون هوا (Airless) به ضخامت 250 میکرون در اسکله ( در صورتی که سطح مورد نظر ، لوله تا 8 اینچ یا مقاطع فولادی تا 200 میلی متر باشد.) | I28: 216.6 | K28: متر مربع
B31: پیمانکار | F31: دستگاه نظارت | J31: کار فرما
B35: منبع مدرک: کارفرما ناظر مقیم پروژه امور قرارداد ها بایگانی دستگاه نظارت پیمانکار

Sheet  المان PNT-G-115
G2: شماره صورتمجلس PNT-G-115
B5: موضـوع: اضافه بهای اعمال رنگ High Solid GLASS FLAKE Epoxy به وسیله دستگاه رنگ پاش بدون هوا (Airless) به ضخامت 250 میکرون در اسکله ( در صورتی که سطح مورد نظر ، لوله تا 8 اینچ یا مقاطع فولادی تا 200 میلی متر باشد.)
B6: موقعیت: محورهای 19 الی 45
B7: ردیف | C7: شرح | H7: سطح واحد(m2) | I7: تعداد | J7: طول/ابعاد (mm) | K7: طول/ابعاد موثر (mm) | L7: همپوشانی یک المان (m2) | M7: سطح یک المان(m2) | N7: سطح کل(m2)
B8: 1 | C8: EXP-BOX-L | H8: 1.4176 | I8: 3 | J8: --- | K8: --- | L8: 0 | M8: =H8 -> 1.4176 | N8: 0
B9: 2 | C9: SUPPORT GRATING | G9: UC165*305*12*8 | H9: 1.254 | I9: 18 | J9: 5460 | K9: 5460 | L9: 0 | M9: =ROUNDUP(H9*K9/1000,2) -> 6.85 | N9: 0
B10: 3 | C10: BOLLARD AXIS37 ROW B | H10: 45.869 | I10: 1 | J10: - | K10: - | L10: 0.869 | M10: 45.869 | N10: 0 | AG10: REPORT 107 - FINISH COAT
B11: 4 | C11: S-35-04-L | G11: UC200*210*12*10 | H11: 1.22 | I11: 1 | J11: 7579 | K11: 7579 | L11: 0 | M11: =H11*K11/1000 -> 9.24638 | N11: =ROUND(M11*I11-I11*L11,1) -> 9.2
B12: 5 | C12: S-35-07-U | G12: UC200*210*12*10 | H12: 1.22 | I12: 1 | J12: 7869 | K12: 7869 | L12: 0 | M12: =H12*K12/1000 -> 9.60018 | N12: =ROUND(M12*I12-I12*L12,1) -> 9.6
B13: 6 | C13: S-42-04-U | G13: UC200*210*12*10 | H13: 1.22 | I13: 1 | J13: 7579 | K13: 7579 | L13: 0 | M13: =H13*K13/1000 -> 9.24638 | N13: =ROUND(M13*I13-I13*L13,1) -> 9.2
B14: 7 | C14: S-42-04-L | G14: UC200*210*12*10 | H14: 1.22 | I14: 1 | J14: 7579 | K14: 7579 | L14: 0 | M14: =H14*K14/1000 -> 9.24638 | N14: =ROUND(M14*I14-I14*L14,1) -> 9.2
B15: 8 | C15: S-35-06-L | G15: UC200*210*12*10 | H15: 1.22 | I15: 2 | J15: 7829 | K15: 7829 | L15: 0 | M15: =H15*K15/1000 -> 9.55138 | N15: =ROUND(M15*I15-I15*L15,1) -> 19.1
B16: 9 | C16: S-35-07-L | G16: UC200*210*12*10 | H16: 1.22 | I16: 1 | J16: 7869 | K16: 7869 | L16: 0 | M16: =H16*K16/1000 -> 9.60018 | N16: =ROUND(M16*I16-I16*L16,1) -> 9.6
B17: 10 | C17: S-35-04-U | G17: UC200*210*12*10 | H17: 1.22 | I17: 1 | J17: 7579 | K17: 7579 | L17: 0 | M17: =H17*K17/1000 -> 9.24638 | N17: =ROUND(M17*I17-I17*L17,1) -> 9.2
B18: 11 | C18: S-35-02-U | G18: UC200*210*12*10 | H18: 1.22 | I18: 1 | J18: 6732 | K18: 6732 | L18: 0 | M18: =H18*K18/1000 -> 8.21304 | N18: =ROUND(M18*I18-I18*L18,1) -> 8.2
B19: 12 | C19: S-38-06-L | G19: UC200*210*12*10 | H19: 1.22 | I19: 1 | J19: 7829 | K19: 7829 | L19: 0 | M19: =H19*K19/1000 -> 9.55138 | N19: =ROUND(M19*I19-I19*L19,1) -> 9.6
B20: 13 | C20: S-34-01-L | G20: UC200*210*12*10 | H20: 1.22 | I20: 1 | J20: 5118 | K20: 5118 | L20: 0 | M20: =H20*K20/1000 -> 6.24396 | N20: =ROUND(M20*I20-I20*L20,1) -> 6.2
B21: 14 | C21: S-36-04-L | G21: UC200*210*12*10 | H21: 1.22 | I21: 1 | J21: 7579 | K21: 7579 | L21: 0 | M21: =H21*K21/1000 -> 9.24638 | N21: =ROUND(M21*I21-I21*L21,1) -> 9.2
B22: جمع کل | N22: =SUM(N8:N21) -> 108.3
B23: جمع کل دو لایه | N23: =N22*2 -> 216.6
B24: پیمانکار : تاریخ : | I24: دستگاه نظارت : تاریخ :
B26: منبع مدرک: کارفرما ناظر مقیم پروژه امور قرارداد ها بایگانی دستگاه نظارت پیمانکار

Sheet PNT-G-114
B1: صورت مجلس | E1: شماره ویرایش مدرک: | H1: تاریخ ویرایش مدرک: | K1: EC-01-F-09
F4: صورتمجلس
B11: نام پروژه: تعمیرات اساسی ضلع جنوبی اسکله شرقی جزیره خارگ ازمحور19الی45 (PC) | F11: شماره صورت PNT-G-114 | J11: تاریخ :1404/06/31
B14: نام پیمانکار: شرکت صنایع فرا ساحل (صف) | F14: شماره قرارداد: 11048-73-38 | J14: تعداد صفحات پيوست: 3 صفحه
B17: موضـوع: اعمال رنگ High Solid GLASS FLAKE EPOXY به وسیله دستگاه رنگ پاش بدون هوا (Airless) به ضخامت 250 میکرون در اسکله
B20: بدینوسیله امضا کنندگان ذیل تایید می نمایند , عملیات اعمال رنگ High Solid GLASS FLAKE EPOXY به وسیله دستگاه رنگ پاش بدون هوا (Airless) به ضخامت 250 میکرون در اسکله بر روی المان های ناحیه حد فاصل محور های 19 الی 45 ضلع جنوبی اسکله شرقی مطابق با ریزمتره پیوست به مساحت 561/8 متر مربع انجام گردید.
B26: ردیف | C26: ردیف فهرست بها | E26: شرح | I26: مقدار | K26: واحد
B28: 17 | C28: 641903107 | E28: اعمال رنگ High Solid GLASS FLAKE EPOXY به وسیله دستگاه رنگ پاش بدون هوا (Airless) به ضخامت 250 میکرون در اسکله | I28: 561.8 | K28: متر مربع
B31: پیمانکار | F31: دستگاه نظارت | J31: کار فرما
B35: منبع مدرک: کارفرما ناظر مقیم پروژه امور قرارداد ها بایگانی دستگاه نظارت پیمانکار

Sheet  المان PNT-G-114
G2: شماره صورتمجلس PNT-G-114
B5: موضـوع: اعمال رنگ High Solid GLASS FLAKE EPOXY به وسیله دستگاه رنگ پاش بدون هوا (Airless) به ضخامت 250 میکرون در اسکله
B6: موقعیت: محورهای 19 الی 45
B7: ردیف | C7: شرح | H7: سطح واحد(m2) | I7: تعداد | J7: طول/ابعاد (mm) | K7: طول/ابعاد موثر (mm) | L7: همپوشانی یک المان (m2) | M7: سطح یک المان(m2) | N7: سطح کل(m2)
B8: 1 | C8: EXP-BOX-L | H8: 1.4176 | I8: 3 | J8: --- | K8: --- | L8: 0 | M8: =H8 -> 1.4176 | N8: =ROUND(M8*I8-I8*L8,1) -> 4.3
B9: 2 | C9: SUPPORT GRATING | G9: UC165*305*12*8 | H9: 1.254 | I9: 18 | J9: 5460 | K9: 5460 | L9: 0 | M9: =ROUNDUP(H9*K9/1000,2) -> 6.85 | N9: =M9*I9-L9*I9 -> 123.3
B10: 3 | C10: BOLLARD AXIS37 ROW B | H10: 45.869 | I10: 1 | J10: - | K10: - | L10: 0.869 | M10: 45.869 | N10: =ROUND(M10*I10-I10*L10,1) -> 45 | AG10: REPORT 107 - FINISH COAT
B11: 4 | C11: S-35-04-L | G11: UC200*210*12*10 | H11: 1.22 | I11: 1 | J11: 7579 | K11: 7579 | L11: 0 | M11: =H11*K11/1000 -> 9.24638 | N11: =ROUND(M11*I11-I11*L11,1) -> 9.2
B12: 5 | C12: S-35-07-U | G12: UC200*210*12*10 | H12: 1.22 | I12: 1 | J12: 7869 | K12: 7869 | L12: 0 | M12: =H12*K12/1000 -> 9.60018 | N12: =ROUND(M12*I12-I12*L12,1) -> 9.6
B13: 6 | C13: S-42-04-U | G13: UC200*210*12*10 | H13: 1.22 | I13: 1 | J13: 7579 | K13: 7579 | L13: 0 | M13: =H13*K13/1000 -> 9.24638 | N13: =ROUND(M13*I13-I13*L13,1) -> 9.2
B14: 7 | C14: S-42-04-L | G14: UC200*210*12*10 | H14: 1.22 | I14: 1 | J14: 7579 | K14: 7579 | L14: 0 | M14: =H14*K14/1000 -> 9.24638 | N14: =ROUND(M14*I14-I14*L14,1) -> 9.2
B15: 8 | C15: S-35-06-L | G15: UC200*210*12*10 | H15: 1.22 | I15: 2 | J15: 7829 | K15: 7829 | L15: 0 | M15: =H15*K15/1000 -> 9.55138 | N15: =ROUND(M15*I15-I15*L15,1) -> 19.1
B16: 9 | C16: S-35-07-L | G16: UC200*210*12*10 | H16: 1.22 | I16: 1 | J16: 7869 | K16: 7869 | L16: 0 | M16: =H16*K16/1000 -> 9.60018 | N16: =ROUND(M16*I16-I16*L16,1) -> 9.6
B17: 10 | C17: S-35-04-U | G17: UC200*210*12*10 | H17: 1.22 | I17: 1 | J17: 7579 | K17: 7579 | L17: 0 | M17: =H17*K17/1000 -> 9.24638 | N17: =ROUND(M17*I17-I17*L17,1) -> 9.2
B18: 11 | C18: S-35-02-U | G18: UC200*210*12*10 | H18: 1.22 | I18: 1 | J18: 6732 | K18: 6732 | L18: 0 | M18: =H18*K18/1000 -> 8.21304 | N18: =ROUND(M18*I18-I18*L18,1) -> 8.2
B19: 12 | C19: S-38-06-L | G19: UC200*210*12*10 | H19: 1.22 | I19: 1 | J19: 7829 | K19: 7829 | L19: 0 | M19: =H19*K19/1000 -> 9.55138 | N19: =ROUND(M19*I19-I19*L19,1) -> 9.6
B20: 13 | C20: S-34-01-L | G20: UC200*210*12*10 | H20: 1.22 | I20: 1 | J20: 5118 | K20: 5118 | L20: 0 | M20: =H20*K20/1000 -> 6.24396 | N20: =ROUND(M20*I20-I20*L20,1) -> 6.2
B21: 14 | C21: S-36-04-L | G21: UC200*210*12*10 | H21: 1.22 | I21: 1 | J21: 7579 | K21: 7579 | L21: 0 | M21: =H21*K21/1000 -> 9.24638 | N21: =ROUND(M21*I21-I21*L21,1) -> 9.2
B22: جمع کل | N22: =SUM(N8:N21) -> 280.9
B23: جمع کل دو لایه | N23: =N22*2 -> 561.8
B24: پیمانکار : تاریخ : | I24: دستگاه نظارت : تاریخ :
B26: منبع مدرک: کارفرما ناظر مقیم پروژه امور قرارداد ها بایگانی دستگاه نظارت پیمانکار

Sheet PNT-G-113
B1: صورت مجلس | E1: شماره ویرایش مدرک: | H1: تاریخ ویرایش مدرک: | K1: EC-01-F-09
F4: صورتمجلس
B11: نام پروژه: تعمیرات اساسی ضلع جنوبی اسکله شرقی جزیره خارگ ازمحور19الی45 (PC) | F11: شماره صورتمجلس PNT-G-113 | J11: تاریخ :1404/06/30
B14: نام پیمانکار: شرکت صنایع فرا ساحل (صف) | F14: شماره قرارداد: 11048-73-38 | J14: تعداد صفحات پيوست: 7 صفحه
B17: موضـوع: تهیه رنگ High Solid GLASS FLAKE EPOXY به ضخامت 250 میکرون
B20: بدینوسیله امضا کنندگان ذیل تایید می نمایند , تهیه رنگ High Solid GLASS FLAKE EPOXY به ضخامت 250 میکرون برای المان های ناحیه حد فاصل محور های 19 الی 45 ضلع جنوبی اسکله شرقی مطابق با ریزمتره پیوست به مساحت 261/6 متر مربع انجام گردید.
B26: ردیف | C26: ردیف فهرست بها | E26: شرح | I26: مقدار | K26: واحد
B28: 28 | C28: 641904105 | E28: تهیه رنگ High Solid GLASS FLAKE EPOXY به ضخامت 250 میکرون | I28: 261.6 | K28: متر مربع
B31: پیمانکار | F31: دستگاه نظارت | J31: کار فرما
B35: منبع مدرک: کارفرما ناظر مقیم پروژه امور قرارداد ها بایگانی دستگاه نظارت پیمانکار

Sheet PNT-G-112
B1: صورت مجلس | E1: شماره ویرایش مدرک: | H1: تاریخ ویرایش مدرک: | K1: EC-01-F-09
F4: صورتمجلس
B11: نام پروژه: تعمیرات اساسی ضلع جنوبی اسکله شرقی جزیره خارگ ازمحور19الی45 (PC) | F11: شماره صورت PNT-G-112 | J11: تاریخ :1404/06/30
B14: نام پیمانکار: شرکت صنایع فرا ساحل (صف) | F14: شماره قرارداد: 11048-73-38 | J14: تعداد صفحات پيوست: 3 صفحه
B17: موضـوع: اضافه بها اعمال رنگ High Solid GLASS FLAKE EPOXY به وسیله دستگاه رنگ پاش بدون هوا (Airless) به ضخامت 250 میکرون درناحیه بالای اسپلش زون تا زیر عرشه اسکله معادل 20% بهای واحد ردیف 641903107 طبق بند 13 مقدمه فصل 19 فهرست بها
B20: بدینوسیله امضا کنندگان ذیل تایید می نمایند , عملیات اعمال رنگ High Solid GLASS FLAKE EPOXY به وسیله دستگاه رنگ پاش بدون هوا (Airless) به ضخامت 250 میکرون در درناحیه بالای اسپلش زون تا زیر عرشه اسکله بر روی المان های ناحیه حد فاصل محور های 19 الی 45 ضلع جنوبی اسکله شرقی مطابق با ریزمتره پیوست به مساحت 261/6 متر مربع انجام گردید.
B26: ردیف | C26: ردیف فهرست بها | E26: شرح | I26: مقدار | K26: واحد
B28: 24 | C28: 641903132* | E28: اضافه بها اعمال رنگ High Solid GLASS FLAKE EPOXY به وسیله دستگاه رنگ پاش بدون هوا (Airless) به ضخامت 250 میکرون درناحیه بالای اسپلش زون تا زیر عرشه اسکله معادل 20% بهای واحد ردیف 641903107 طبق بند 13 مقدمه فصل 19 فهرست بها | I28: 261.6 | K28: متر مربع | P28: 569.1511
B31: پیمانکار | F31: دستگاه نظارت | J31: کار فرما
B35: منبع مدرک: کارفرما ناظر مقیم پروژه امور قرارداد ها بایگانی دستگاه نظارت پیمانکار

Sheet  المان PNT-G-112
G2: شماره صورتمجلس PNT-G-112
B5: موضـوع : اضافه بها اعمال رنگ High Solid GLASS FLAKE EPOXY به وسیله دستگاه رنگ پاش بدون هوا (Airless) به ضخامت 250 میکرون درناحیه بالای اسپلش زون تا زیر عرشه اسکله معادل 20% بهای واحد ردیف 641903107 طبق بند 13 مقدمه فصل 19 فهرست بها
B6: موقعیت: محورهای 19 الی 45
B7: ردیف | C7: شرح | H7: سطح واحد(m2) | I7: تعداد | J7: طول/ابعاد (mm) | K7: طول/ابعاد موثر (mm) | L7: همپوشانی یک المان (m2) | M7: سطح یک المان(m2) | N7: سطح کل(m2)
B8: 1 | C8: S25-06 | G8: UC160*160*12*8 | H8: 0.944 | I8: 1 | J8: 1112 | K8: 1032 | L8: 0 | M8: =H8*K8/1000 -> 0.974208 | N8: =ROUND(M8*I8-I8*L8,1) -> 1
B9: 2 | C9: S25-07 | G9: UC220*210*12*8 | H9: 1.284 | I9: 1 | J9: 1814 | K9: 1814 | L9: 0 | M9: =H9*K9/1000 -> 2.329176 | N9: =ROUND(M9*I9-I9*L9,1) -> 2.3
B10: 3 | C10: S25-08 | G10: UC220*210*12*8 | H10: 1.284 | I10: 1 | J10: 1510 | K10: 1510 | L10: 0 | M10: =H10*K10/1000 -> 1.93884 | N10: =ROUND(M10*I10-I10*L10,1) -> 1.9 | AG10: REPORT 107 - FINISH COAT
B11: 4 | C11: S25-09 | G11: UC160*160*12*8 | H11: 0.944 | I11: 1 | J11: 2383 | K11: 2238 | L11: 0 | M11: =H11*K11/1000 -> 2.112672 | N11: =ROUND(M11*I11-I11*L11,1) -> 2.1
B12: 5 | C12: SUPPORT GRATING | G12: UC165*305*12*8 | H12: 1.254 | I12: 6 | J12: 5460 | K12: 5460 | L12: =0.25*0.165 -> 0.04125 | M12: =ROUNDUP(H12*K12/1000,2) -> 6.85 | N12: =M12*I12-L12*I12 -> 40.8525
B13: 6 | C13: STAND SUOPPORT | G13: TYP.01 | H13: 0.3812 | I13: 6 | J13: --- | K13: --- | L13: =0.165*0.25 -> 0.04125 | M13: =H13 -> 0.3812 | N13: =M13*I13-L13*I13 -> 2.0397
B14: 7 | C14: S19-45(lower) AXIS 25 ROW F~G | G14: UC313*308*20*15 | H14: 1.828 | I14: 1 | J14: 5181 | K14: 5181 | L14: =0.85*0.308+0.37*0.308 -> 0.37576 | M14: =K14*H14/1000 -> 9.470868 | N14: =ROUND(M14*I14-I14*L14,1) -> 9.1
B15: 8 | C15: S19-45 (upper) AXIS 25 ROW F~G | G15: UC313*308*20*15 | H15: 1.828 | I15: 1 | J15: 5181 | K15: 5181 | L15: =0.5*0.37*0.21 -> 0.03885 | M15: =K15*H15/1000 -> 9.470868 | N15: =ROUND(M15*I15-I15*L15,1) -> 9.4
B16: 9 | C16: S25-01 | G16: UC160*160*12*8 | H16: 0.944 | I16: 1 | J16: 2415 | K16: 2253 | L16: 0 | M16: =H16*K16/1000 -> 2.126832 | N16: =ROUND(M16*I16-I16*L16,1) -> 2.1
B17: 10 | C17: S25-03 | G17: UC160*160*12*8 | H17: 0.944 | I17: 1 | J17: 1510 | K17: 1510 | L17: 0 | M17: =H17*K17/1000 -> 1.42544 | N17: =ROUND(M17*I17-I17*L17,1) -> 1.4
B18: 11 | C18: S25-04 | G18: UC160*160*12*8 | H18: 0.944 | I18: 1 | J18: 1817 | K18: 1735 | L18: 0 | M18: =H18*K18/1000 -> 1.63784 | N18: =ROUND(M18*I18-I18*L18,1) -> 1.6
B19: 12 | C19: S25-05 | G19: UC160*160*12*8 | H19: 0.944 | I19: 1 | J19: 1127 | K19: 1062 | L19: 0 | M19: =H19*K19/1000 -> 1.002528 | N19: =ROUND(M19*I19-I19*L19,1) -> 1
B20: 13 | C20: S-24-04-U | G20: UC200*210*12*10 | H20: 1.22 | I20: 1 | J20: 3876 | K20: 3816 | L20: =0.5*0.252 -> 0.126 | M20: =H20*K20/1000 -> 4.65552 | N20: =ROUND(M20*I20-I20*L20,1) -> 4.5
B21: 14 | C21: S-24-05-U | G21: UC200*210*12*10 | H21: 1.22 | I21: 1 | J21: 3989 | K21: 3929 | L21: =0.5*0.252 -> 0.126 | M21: =H21*K21/1000 -> 4.79338 | N21: =ROUND(M21*I21-I21*L21,1) -> 4.7
B22: 15 | C22: S-24-01-U | G22: UC200*210*12*10 | H22: 1.22 | I22: 1 | J22: 7619 | K22: 7619 | L22: =0.252+0.1088 -> 0.3608 | M22: =H22*K22/1000 -> 9.29518 | N22: =ROUND(M22*I22-I22*L22,1) -> 8.9
B23: 16 | C23: S-24-04-L | G23: UC200*210*12*10 | H23: 1.22 | I23: 1 | J23: 3876 | K23: 3929 | L23: =0.126+0.114 -> 0.24 | M23: =H23*K23/1000 -> 4.79338 | N23: =ROUND(M23*I23-I23*L23,1) -> 4.6
B24: 17 | C24: S-24-05-L | G24: UC200*210*12*10 | H24: 1.22 | I24: 1 | J24: 3989 | K24: 3929 | L24: =0.126+0.114 -> 0.24 | M24: =H24*K24/1000 -> 4.79338 | N24: =ROUND(M24*I24-I24*L24,1) -> 4.6
B25: 18 | C25: S-24-01-L | G25: UC200*210*12*10 | H25: 1.22 | I25: 1 | J25: 7619 | K25: 7619 | L25: 0.252 | M25: =H25*K25/1000 -> 9.29518 | N25: =ROUND(M25*I25-I25*L25,1) -> 9
B26: 19 | C26: S-24-03-L | G26: UC200*210*12*10 | H26: 1.22 | I26: 1 | J26: 4586 | K26: 4586 | L26: 0.15834 | M26: =H26*K26/1000 -> 5.59492 | N26: =ROUND(M26*I26-I26*L26,1) -> 5.4
B27: 20 | C27: S-24-03-U | G27: UC200*210*12*10 | H27: 1.22 | I27: 1 | J27: 4586 | K27: 4586 | L27: 0.126 | M27: =H27*K27/1000 -> 5.59492 | N27: =ROUND(M27*I27-I27*L27,1) -> 5.5
B28: 21 | C28: S24-F-03 | G28: UC160*160*12*8 | H28: 0.944 | I28: 1 | J28: 2948 | K28: 2771 | L28: 0 | M28: =ROUNDUP(H28*K28/1000,1) -> 2.7 | N28: =M28*I28-L28*I28 -> 2.7
B29: 22 | C29: S24-F-04 | G29: UC160*160*12*8 | H29: 0.944 | I29: 1 | J29: 2593 | K29: 2436 | L29: 0 | M29: =ROUNDUP(H29*K29/1000,1) -> 2.3 | N29: =M29*I29-L29*I29 -> 2.3
B30: 23 | C30: S24-F-05 | G30: UC160*160*12*8 | H30: 0.944 | I30: 1 | J30: 1629 | K30: 1629 | L30: 0 | M30: =ROUNDUP(H30*K30/1000,1) -> 1.6 | N30: =M30*I30-L30*I30 -> 1.6
B31: 24 | C31: GUSSET - LOWER DECK (Row G) AXIS 25 | G31: TYP.06 (LOWER DECK) | H31: =4*(0.23081) -> 0.92324 | I31: 1 | J31: - | K31: - | L31: =0.37*0.308 -> 0.11396 | M31: =H31*I31 -> 0.92324 | N31: =ROUND(M31*I31-I31*L31,1) -> 0.8
B32: 25 | C32: GUSSET - UPPER DECK (Row G) AXIS 25 | G32: TYP.12 (UPPER DECK) | H32: =H31*0.5 -> 0.46162 | I32: 1 | J32: - | K32: - | L32: =L31/2 -> 0.05698 | M32: =H32*I32 -> 0.46162 | N32: =ROUND(M32*I32-I32*L32,1) -> 0.4
B33: 26 | C33: GUSSET - LOWER DECK (Row F~G) AXIS 24~25 | G33: TYP.11 (LOWER DECK) | H33: 0.835 | I33: 1 | J33: - | K33: - | L33: 0.3368 | M33: =H33*I33 -> 0.835 | N33: =ROUND(M33*I33-I33*L33,1) -> 0.5
B34: 27 | C34: GUSSET - UPPER DECK (Row F~G) AXIS 24~25 | G34: TYP.07 (UPPER DECK) | H34: =H33 -> 0.835 | I34: 1 | J34: - | K34: - | L34: =L33 -> 0.3368 | M34: =M33/2 -> 0.4175 | N34: =ROUND(M34*I34-I34*L34,1) -> 0.1
B35: 28 | C35: CAP PILE (AXIS-25 ROW G') | G35: 800*800*15 | H35: =0.8*0.8 -> 0.64 | I35: 1 | J35: - | K35: - | L35: =0.8*0.308 -> 0.2464 | M35: 0.64 | N35: =ROUND(M35*I35-L35*I35,1) -> 0.4
B36: جمع کل | N36: =SUM(N8:N35) -> 130.7922
B37: جمع کل دو لایه | N37: 261.5844
B38: پیمانکار : تاریخ : | I38: دستگاه نظارت : تاریخ :
B40: منبع مدرک: کارفرما ناظر مقیم پروژه امور قرارداد ها بایگانی دستگاه نظارت پیمانکار

Sheet PNT-G-111
B1: صورت مجلس | E1: شماره ویرایش مدرک: | H1: تاریخ ویرایش مدرک: | K1: EC-01-F-09
F4: صورتمجلس
B11: نام پروژه: تعمیرات اساسی ضلع جنوبی اسکله شرقی جزیره خارگ ازمحور19الی45 (PC) | F11: شماره صورت PNT-G-111 | J11: تاریخ :1404/06/30
B14: نام پیمانکار: شرکت صنایع فرا ساحل (صف) | F14: شماره قرارداد: 11048-73-38 | J14: تعداد صفحات پيوست: 3 صفحه
B17: موضـوع: اضافه بهای اعمال رنگ High Solid GLASS FLAKE EPOXY به وسیله دستگاه رنگ پاش بدون هوا (Airless) به ضخامت 250 میکرون در اسکله ( در صورتی که سطح مورد نظر ، لوله تا 8 اینچ یا مقاطع فولادی تا 200 میلی متر باشد.)
B20: بدینوسیله امضا کنندگان ذیل تایید می نمایند , عملیات اعمال رنگ High Solid GLASS FLAKE EPOXY به وسیله دستگاه رنگ پاش بدون هوا (Airless) به ضخامت 250 میکرون در اسکله بر روی المان های ناحیه حد فاصل محور های 19 الی 45 ضلع جنوبی اسکله شرقی مطابق با ریزمتره پیوست به مساحت 126/0 متر مربع انجام گردید.
B26: ردیف | C26: ردیف فهرست بها | E26: شرح | I26: مقدار | K26: واحد
B28: 21 | C28: 641903122 | E28: اضافه بهای اعمال رنگ High Solid GLASS FLAKE EPOXY به وسیله دستگاه رنگ پاش بدون هوا (Airless) به ضخامت 250 میکرون در اسکله ( در صورتی که سطح مورد نظر ، لوله تا 8 اینچ یا مقاطع فولادی تا 200 میلی متر باشد.) | I28: 126 | K28: متر مربع
B31: پیمانکار | F31: دستگاه نظارت | J31: کار فرما
B35: منبع مدرک: کارفرما ناظر مقیم پروژه امور قرارداد ها بایگانی دستگاه نظارت پیمانکار

Sheet  المان PNT-G-111
G2: شماره صورتمجلس PNT-G-111
B5: موضوع : اضافه بهای اعمال رنگ High Solid GLASS FLAKE Epoxy به وسیله دستگاه رنگ پاش بدون هوا (Airless) به ضخامت 250 میکرون در اسکله ( در صورتی که سطح مورد نظر ، لوله تا 8 اینچ یا مقاطع فولادی تا 200 میلی متر باشد.)
B6: موقعیت: محورهای 19 الی 45
B7: ردیف | C7: شرح | H7: سطح واحد(m2) | I7: تعداد | J7: طول/ابعاد (mm) | K7: طول/ابعاد موثر (mm) | L7: همپوشانی یک المان (m2) | M7: سطح یک المان(m2) | N7: سطح کل(m2)
B8: 1 | C8: S25-06 | G8: UC160*160*12*8 | H8: 0.944 | I8: 1 | J8: 1112 | K8: 1032 | L8: 0 | M8: =H8*K8/1000 -> 0.974208 | N8: =ROUND(M8*I8-I8*L8,1) -> 1
B9: 2 | C9: S25-07 | G9: UC220*210*12*8 | H9: 1.284 | I9: 1 | J9: 1814 | K9: 1814 | L9: 0 | M9: =H9*K9/1000 -> 2.329176 | N9: =ROUND(M9*I9-I9*L9,1)*0 -> 0
B10: 3 | C10: S25-08 | G10: UC220*210*12*8 | H10: 1.284 | I10: 1 | J10: 1510 | K10: 1510 | L10: 0 | M10: =H10*K10/1000 -> 1.93884 | N10: =ROUND(M10*I10-I10*L10,1)*0 -> 0 | AG10: REPORT 107 - FINISH COAT
B11: 4 | C11: S25-09 | G11: UC160*160*12*8 | H11: 0.944 | I11: 1 | J11: 2383 | K11: 2238 | L11: 0 | M11: =H11*K11/1000 -> 2.112672 | N11: =ROUND(M11*I11-I11*L11,1) -> 2.1
B12: 5 | C12: SUPPORT GRATING | G12: UC165*305*12*8 | H12: 1.254 | I12: 6 | J12: 5460 | K12: 5460 | L12: =0.25*0.165 -> 0.04125 | M12: =ROUNDUP(H12*K12/1000,2) -> 6.85 | N12: 0
B13: 6 | C13: STAND SUOPPORT | G13: TYP.01 | H13: 0.3812 | I13: 6 | J13: --- | K13: --- | L13: =0.165*0.25 -> 0.04125 | M13: =H13 -> 0.3812 | N13: 0
B14: 7 | C14: S19-45(lower) AXIS 25 ROW F~G | G14: UC313*308*20*15 | H14: 1.828 | I14: 1 | J14: 5181 | K14: 5181 | L14: =0.85*0.308+0.37*0.308 -> 0.37576 | M14: =K14*H14/1000 -> 9.470868 | N14: 0
B15: 8 | C15: S19-45 (upper) AXIS 25 ROW F~G | G15: UC313*308*20*15 | H15: 1.828 | I15: 1 | J15: 5181 | K15: 5181 | L15: =0.5*0.37*0.21 -> 0.03885 | M15: =K15*H15/1000 -> 9.470868 | N15: 0
B16: 9 | C16: S25-01 | G16: UC160*160*12*8 | H16: 0.944 | I16: 1 | J16: 2415 | K16: 2253 | L16: 0 | M16: =H16*K16/1000 -> 2.126832 | N16: =ROUND(M16*I16-I16*L16,1) -> 2.1
B17: 10 | C17: S25-03 | G17: UC160*160*12*8 | H17: 0.944 | I17: 1 | J17: 1510 | K17: 1510 | L17: 0 | M17: =H17*K17/1000 -> 1.42544 | N17: =ROUND(M17*I17-I17*L17,1) -> 1.4
B18: 11 | C18: S25-04 | G18: UC160*160*12*8 | H18: 0.944 | I18: 1 | J18: 1817 | K18: 1735 | L18: 0 | M18: =H18*K18/1000 -> 1.63784 | N18: =ROUND(M18*I18-I18*L18,1) -> 1.6
B19: 12 | C19: S25-05 | G19: UC160*160*12*8 | H19: 0.944 | I19: 1 | J19: 1127 | K19: 1062 | L19: 0 | M19: =H19*K19/1000 -> 1.002528 | N19: =ROUND(M19*I19-I19*L19,1) -> 1
B20: 13 | C20: S-24-04-U | G20: UC200*210*12*10 | H20: 1.22 | I20: 1 | J20: 3876 | K20: 3816 | L20: =0.5*0.252 -> 0.126 | M20: =H20*K20/1000 -> 4.65552 | N20: =ROUND(M20*I20-I20*L20,1) -> 4.5
B21: 14 | C21: S-24-05-U | G21: UC200*210*12*10 | H21: 1.22 | I21: 1 | J21: 3989 | K21: 3929 | L21: =0.5*0.252 -> 0.126 | M21: =H21*K21/1000 -> 4.79338 | N21: =ROUND(M21*I21-I21*L21,1) -> 4.7
B22: 15 | C22: S-24-01-U | G22: UC200*210*12*10 | H22: 1.22 | I22: 1 | J22: 7619 | K22: 7619 | L22: =0.252+0.1088 -> 0.3608 | M22: =H22*K22/1000 -> 9.29518 | N22: =ROUND(M22*I22-I22*L22,1) -> 8.9
B23: 16 | C23: S-24-04-L | G23: UC200*210*12*10 | H23: 1.22 | I23: 1 | J23: 3876 | K23: 3929 | L23: =0.126+0.114 -> 0.24 | M23: =H23*K23/1000 -> 4.79338 | N23: =ROUND(M23*I23-I23*L23,1) -> 4.6
B24: 17 | C24: S-24-05-L | G24: UC200*210*12*10 | H24: 1.22 | I24: 1 | J24: 3989 | K24: 3929 | L24: =0.126+0.114 -> 0.24 | M24: =H24*K24/1000 -> 4.79338 | N24: =ROUND(M24*I24-I24*L24,1) -> 4.6
B25: 18 | C25: S-24-01-L | G25: UC200*210*12*10 | H25: 1.22 | I25: 1 | J25: 7619 | K25: 7619 | L25: 0.252 | M25: =H25*K25/1000 -> 9.29518 | N25: =ROUND(M25*I25-I25*L25,1) -> 9
B26: 19 | C26: S-24-03-L | G26: UC200*210*12*10 | H26: 1.22 | I26: 1 | J26: 4586 | K26: 4586 | L26: 0.15834 | M26: =H26*K26/1000 -> 5.59492 | N26: =ROUND(M26*I26-I26*L26,1) -> 5.4
B27: 20 | C27: S-24-03-U | G27: UC200*210*12*10 | H27: 1.22 | I27: 1 | J27: 4586 | K27: 4586 | L27: 0.126 | M27: =H27*K27/1000 -> 5.59492 | N27: =ROUND(M27*I27-I27*L27,1) -> 5.5
B28: 21 | C28: S24-F-03 | G28: UC160*160*12*8 | H28: 0.944 | I28: 1 | J28: 2948 | K28: 2771 | L28: 0 | M28: =ROUNDUP(H28*K28/1000,1) -> 2.7 | N28: =M28*I28-L28*I28 -> 2.7
B29: 22 | C29: S24-F-04 | G29: UC160*160*12*8 | H29: 0.944 | I29: 1 | J29: 2593 | K29: 2436 | L29: 0 | M29: =ROUNDUP(H29*K29/1000,1) -> 2.3 | N29: =M29*I29-L29*I29 -> 2.3
B30: 23 | C30: S24-F-05 | G30: UC160*160*12*8 | H30: 0.944 | I30: 1 | J30: 1629 | K30: 1629 | L30: 0 | M30: =ROUNDUP(H30*K30/1000,1) -> 1.6 | N30: =M30*I30-L30*I30 -> 1.6
B31: 24 | C31: GUSSET - LOWER DECK (Row G) AXIS 25 | G31: TYP.06 (LOWER DECK) | H31: =4*(0.23081) -> 0.92324 | I31: 1 | J31: - | K31: - | L31: =0.37*0.308 -> 0.11396 | M31: =H31*I31 -> 0.92324 | N31: 0
B32: 25 | C32: GUSSET - UPPER DECK (Row G) AXIS 25 | G32: TYP.12 (UPPER DECK) | H32: =H31*0.5 -> 0.46162 | I32: 1 | J32: - | K32: - | L32: =L31/2 -> 0.05698 | M32: =H32*I32 -> 0.46162 | N32: 0
B33: 26 | C33: GUSSET - LOWER DECK (Row F~G) AXIS 24~25 | G33: TYP.11 (LOWER DECK) | H33: 0.835 | I33: 1 | J33: - | K33: - | L33: 0.3368 | M33: =H33*I33 -> 0.835 | N33: 0
B34: 27 | C34: GUSSET - UPPER DECK (Row F~G) AXIS 24~25 | G34: TYP.07 (UPPER DECK) | H34: =H33 -> 0.835 | I34: 1 | J34: - | K34: - | L34: =L33 -> 0.3368 | M34: =M33/2 -> 0.4175 | N34: 0
B35: 28 | C35: CAP PILE (AXIS-25 ROW G') | G35: 800*800*15 | H35: =0.8*0.8 -> 0.64 | I35: 1 | J35: - | K35: - | L35: =0.8*0.308 -> 0.2464 | M35: 0.64 | N35: 0
B36: جمع کل | N36: =SUM(N8:N35) -> 63
B37: جمع کل دو لایه | N37: =N36*2 -> 126
B38: پیمانکار : تاریخ : | I38: دستگاه نظارت : تاریخ :
B40: منبع مدرک: کارفرما ناظر مقیم پروژه امور قرارداد ها بایگانی دستگاه نظارت پیمانکار

Sheet PNT-G-110
B1: صورت مجلس | E1: شماره ویرایش مدرک: | H1: تاریخ ویرایش مدرک: | K1: EC-01-F-09
F4: صورتمجلس
B11: نام پروژه: تعمیرات اساسی ضلع جنوبی اسکله شرقی جزیره خارگ ازمحور19الی45 (PC) | F11: شماره صورت PNT-G-110 | J11: تاریخ :1404/06/30
B14: نام پیمانکار: شرکت صنایع فرا ساحل (صف) | F14: شماره قرارداد: 11048-73-38 | J14: تعداد صفحات پيوست: 3 صفحه
B17: موضـوع: اعمال رنگ High Solid GLASS FLAKE EPOXY به وسیله دستگاه رنگ پاش بدون هوا (Airless) به ضخامت 250 میکرون در اسکله
B20: بدینوسیله امضا کنندگان ذیل تایید می نمایند , عملیات اعمال رنگ High Solid GLASS FLAKE EPOXY به وسیله دستگاه رنگ پاش بدون هوا (Airless) به ضخامت 250 میکرون در اسکله بر روی المان های ناحیه حد فاصل محور های 19 الی 45 ضلع جنوبی اسکله شرقی مطابق با ریزمتره پیوست به مساحت 261/6 متر مربع انجام گردید.
B26: ردیف | C26: ردیف فهرست بها | E26: شرح | I26: مقدار | K26: واحد
B28: 17 | C28: 641903107 | E28: اعمال رنگ High Solid GLASS FLAKE EPOXY به وسیله دستگاه رنگ پاش بدون هوا (Airless) به ضخامت 250 میکرون در اسکله | I28: 261.6 | K28: متر مربع
B31: پیمانکار | F31: دستگاه نظارت | J31: کار فرما
B35: منبع مدرک: کارفرما ناظر مقیم پروژه امور قرارداد ها بایگانی دستگاه نظارت پیمانکار

Sheet  المان PNT-G-110
G2: شماره صورتمجلس PNT-G-110
B5: موضـوع: اعمال رنگ High Solid GLASS FLAKE EPOXY به وسیله دستگاه رنگ پاش بدون هوا (Airless) به ضخامت 250 میکرون در اسکله
B6: موقعیت: محورهای 19 الی 45
B7: ردیف | C7: شرح | H7: سطح واحد(m2) | I7: تعداد | J7: طول/ابعاد (mm) | K7: طول/ابعاد موثر (mm) | L7: همپوشانی یک المان (m2) | M7: سطح یک المان(m2) | N7: سطح کل(m2)
B8: 1 | C8: S25-06 | G8: UC160*160*12*8 | H8: 0.944 | I8: 1 | J8: 1112 | K8: 1032 | L8: 0 | M8: =H8*K8/1000 -> 0.974208 | N8: =ROUND(M8*I8-I8*L8,1) -> 1
B9: 2 | C9: S25-07 | G9: UC220*210*12*8 | H9: 1.284 | I9: 1 | J9: 1814 | K9: 1814 | L9: 0 | M9: =H9*K9/1000 -> 2.329176 | N9: =ROUND(M9*I9-I9*L9,1) -> 2.3
B10: 3 | C10: S25-08 | G10: UC220*210*12*8 | H10: 1.284 | I10: 1 | J10: 1510 | K10: 1510 | L10: 0 | M10: =H10*K10/1000 -> 1.93884 | N10: =ROUND(M10*I10-I10*L10,1) -> 1.9 | AG10: REPORT 107 - FINISH COAT
B11: 4 | C11: S25-09 | G11: UC160*160*12*8 | H11: 0.944 | I11: 1 | J11: 2383 | K11: 2238 | L11: 0 | M11: =H11*K11/1000 -> 2.112672 | N11: =ROUND(M11*I11-I11*L11,1) -> 2.1
B12: 5 | C12: SUPPORT GRATING | G12: UC165*305*12*8 | H12: 1.254 | I12: 6 | J12: 5460 | K12: 5460 | L12: =0.25*0.165 -> 0.04125 | M12: =ROUNDUP(H12*K12/1000,2) -> 6.85 | N12: =M12*I12-L12*I12 -> 40.8525
B13: 6 | C13: STAND SUOPPORT | G13: TYP.01 | H13: 0.3812 | I13: 6 | J13: --- | K13: --- | L13: =0.165*0.25 -> 0.04125 | M13: =H13 -> 0.3812 | N13: =M13*I13-L13*I13 -> 2.0397
B14: 7 | C14: S19-45(lower) AXIS 25 ROW F~G | G14: UC313*308*20*15 | H14: 1.828 | I14: 1 | J14: 5181 | K14: 5181 | L14: =0.85*0.308+0.37*0.308 -> 0.37576 | M14: =K14*H14/1000 -> 9.470868 | N14: =ROUND(M14*I14-I14*L14,1) -> 9.1
B15: 8 | C15: S19-45 (upper) AXIS 25 ROW F~G | G15: UC313*308*20*15 | H15: 1.828 | I15: 1 | J15: 5181 | K15: 5181 | L15: =0.5*0.37*0.21 -> 0.03885 | M15: =K15*H15/1000 -> 9.470868 | N15: =ROUND(M15*I15-I15*L15,1) -> 9.4
B16: 9 | C16: S25-01 | G16: UC160*160*12*8 | H16: 0.944 | I16: 1 | J16: 2415 | K16: 2253 | L16: 0 | M16: =H16*K16/1000 -> 2.126832 | N16: =ROUND(M16*I16-I16*L16,1) -> 2.1
B17: 10 | C17: S25-03 | G17: UC160*160*12*8 | H17: 0.944 | I17: 1 | J17: 1510 | K17: 1510 | L17: 0 | M17: =H17*K17/1000 -> 1.42544 | N17: =ROUND(M17*I17-I17*L17,1) -> 1.4
B18: 11 | C18: S25-04 | G18: UC160*160*12*8 | H18: 0.944 | I18: 1 | J18: 1817 | K18: 1735 | L18: 0 | M18: =H18*K18/1000 -> 1.63784 | N18: =ROUND(M18*I18-I18*L18,1) -> 1.6
B19: 12 | C19: S25-05 | G19: UC160*160*12*8 | H19: 0.944 | I19: 1 | J19: 1127 | K19: 1062 | L19: 0 | M19: =H19*K19/1000 -> 1.002528 | N19: =ROUND(M19*I19-I19*L19,1) -> 1
B20: 13 | C20: S-24-04-U | G20: UC200*210*12*10 | H20: 1.22 | I20: 1 | J20: 3876 | K20: 3816 | L20: =0.5*0.252 -> 0.126 | M20: =H20*K20/1000 -> 4.65552 | N20: =ROUND(M20*I20-I20*L20,1) -> 4.5
B21: 14 | C21: S-24-05-U | G21: UC200*210*12*10 | H21: 1.22 | I21: 1 | J21: 3989 | K21: 3929 | L21: =0.5*0.252 -> 0.126 | M21: =H21*K21/1000 -> 4.79338 | N21: =ROUND(M21*I21-I21*L21,1) -> 4.7
B22: 15 | C22: S-24-01-U | G22: UC200*210*12*10 | H22: 1.22 | I22: 1 | J22: 7619 | K22: 7619 | L22: =0.252+0.1088 -> 0.3608 | M22: =H22*K22/1000 -> 9.29518 | N22: =ROUND(M22*I22-I22*L22,1) -> 8.9
B23: 16 | C23: S-24-04-L | G23: UC200*210*12*10 | H23: 1.22 | I23: 1 | J23: 3876 | K23: 3929 | L23: =0.126+0.114 -> 0.24 | M23: =H23*K23/1000 -> 4.79338 | N23: =ROUND(M23*I23-I23*L23,1) -> 4.6
B24: 17 | C24: S-24-05-L | G24: UC200*210*12*10 | H24: 1.22 | I24: 1 | J24: 3989 | K24: 3929 | L24: =0.126+0.114 -> 0.24 | M24: =H24*K24/1000 -> 4.79338 | N24: =ROUND(M24*I24-I24*L24,1) -> 4.6
B25: 18 | C25: S-24-01-L | G25: UC200*210*12*10 | H25: 1.22 | I25: 1 | J25: 7619 | K25: 7619 | L25: 0.252 | M25: =H25*K25/1000 -> 9.29518 | N25: =ROUND(M25*I25-I25*L25,1) -> 9
B26: 19 | C26: S-24-03-L | G26: UC200*210*12*10 | H26: 1.22 | I26: 1 | J26: 4586 | K26: 4586 | L26: 0.15834 | M26: =H26*K26/1000 -> 5.59492 | N26: =ROUND(M26*I26-I26*L26,1) -> 5.4
B27: 20 | C27: S-24-03-U | G27: UC200*210*12*10 | H27: 1.22 | I27: 1 | J27: 4586 | K27: 4586 | L27: 0.126 | M27: =H27*K27/1000 -> 5.59492 | N27: =ROUND(M27*I27-I27*L27,1) -> 5.5
B28: 21 | C28: S24-F-03 | G28: UC160*160*12*8 | H28: 0.944 | I28: 1 | J28: 2948 | K28: 2771 | L28: 0 | M28: =ROUNDUP(H28*K28/1000,1) -> 2.7 | N28: =M28*I28-L28*I28 -> 2.7
B29: 22 | C29: S24-F-04 | G29: UC160*160*12*8 | H29: 0.944 | I29: 1 | J29: 2593 | K29: 2436 | L29: 0 | M29: =ROUNDUP(H29*K29/1000,1) -> 2.3 | N29: =M29*I29-L29*I29 -> 2.3
B30: 23 | C30: S24-F-05 | G30: UC160*160*12*8 | H30: 0.944 | I30: 1 | J30: 1629 | K30: 1629 | L30: 0 | M30: =ROUNDUP(H30*K30/1000,1) -> 1.6 | N30: =M30*I30-L30*I30 -> 1.6
B31: 24 | C31: GUSSET - LOWER DECK (Row G) AXIS 25 | G31: TYP.06 (LOWER DECK) | H31: =4*(0.23081) -> 0.92324 | I31: 1 | J31: - | K31: - | L31: =0.37*0.308 -> 0.11396 | M31: =H31*I31 -> 0.92324 | N31: =ROUND(M31*I31-I31*L31,1) -> 0.8
B32: 25 | C32: GUSSET - UPPER DECK (Row G) AXIS 25 | G32: TYP.12 (UPPER DECK) | H32: =H31*0.5 -> 0.46162 | I32: 1 | J32: - | K32: - | L32: =L31/2 -> 0.05698 | M32: =H32*I32 -> 0.46162 | N32: =ROUND(M32*I32-I32*L32,1) -> 0.4
B33: 26 | C33: GUSSET - LOWER DECK (Row F~G) AXIS 24~25 | G33: TYP.11 (LOWER DECK) | H33: 0.835 | I33: 1 | J33: - | K33: - | L33: 0.3368 | M33: =H33*I33 -> 0.835 | N33: =ROUND(M33*I33-I33*L33,1) -> 0.5
B34: 27 | C34: GUSSET - UPPER DECK (Row F~G) AXIS 24~25 | G34: TYP.07 (UPPER DECK) | H34: =H33 -> 0.835 | I34: 1 | J34: - | K34: - | L34: =L33 -> 0.3368 | M34: =M33/2 -> 0.4175 | N34: =ROUND(M34*I34-I34*L34,1) -> 0.1
B35: 28 | C35: CAP PILE (AXIS-25 ROW G') | G35: 800*800*15 | H35: =0.8*0.8 -> 0.64 | I35: 1 | J35: - | K35: - | L35: =0.8*0.308 -> 0.2464 | M35: 0.64 | N35: =ROUND(M35*I35-L35*I35,1) -> 0.4
B36: جمع کل | N36: =SUM(N8:N35) -> 130.7922
B37: جمع کل دو لایه | N37: 261.5844
B38: پیمانکار : تاریخ : | I38: دستگاه نظارت : تاریخ :
B40: منبع مدرک: کارفرما ناظر مقیم پروژه امور قرارداد ها بایگانی دستگاه نظارت پیمانکار

Sheet PNT-G-109
B1: صورت مجلس | E1: شماره ویرایش مدرک: | H1: تاریخ ویرایش مدرک: | K1: EC-01-F-09
F4: صورتمجلس
B11: نام پروژه: تعمیرات اساسی ضلع جنوبی اسکله شرقی جزیره خارگ ازمحور19الی45 (PC) | F11: شماره صورتمجلس PNT-G-109 | J11: تاریخ :1404/06/13
B14: نام پیمانکار: شرکت صنایع فرا ساحل (صف) | F14: شماره قرارداد: 11048-73-38 | J14: تعداد صفحات پيوست: 06 صفحه
B17: موضـوع: تهیه رنگ High Solid GLASS FLAKE EPOXY به ضخامت 250 میکرون
B20: بدینوسیله امضا کنندگان ذیل تایید می نمایند , تهیه رنگ High Solid GLASS FLAKE EPOXY به ضخامت 250 میکرون برای المان های ناحیه حد فاصل محور های 19 الی 45 ضلع جنوبی اسکله شرقی مطابق با ریزمتره پیوست به مساحت 388/4 متر مربع انجام گردید.
B26: ردیف | C26: ردیف فهرست بها | E26: شرح | I26: مقدار | K26: واحد
B28: 28 | C28: 641904105 | E28: تهیه رنگ High Solid GLASS FLAKE EPOXY به ضخامت 250 میکرون | I28: 388/4 | K28: متر مربع
B31: پیمانکار | F31: دستگاه نظارت | J31: کار فرما
B35: منبع مدرک: کارفرما ناظر مقیم پروژه امور قرارداد ها بایگانی دستگاه نظارت پیمانکار

Sheet PNT-G-108
B1: صورت مجلس | E1: شماره ویرایش مدرک: | H1: تاریخ ویرایش مدرک: | K1: EC-01-F-09
F4: صورتمجلس
B11: نام پروژه: تعمیرات اساسی ضلع جنوبی اسکله شرقی جزیره خارگ ازمحور19الی45 (PC) | F11: شماره صورت PNT-G-108 | J11: تاریخ :1404/06/13
B14: نام پیمانکار: شرکت صنایع فرا ساحل (صف) | F14: شماره قرارداد: 11048-73-38 | J14: تعداد صفحات پيوست: 5 صفحه
B17: موضـوع: اضافه بها اعمال رنگ High Solid GLASS FLAKE EPOXY به وسیله دستگاه رنگ پاش بدون هوا (Airless) به ضخامت 250 میکرون درناحیه بالای اسپلش زون تا زیر عرشه اسکله معادل 20% بهای واحد ردیف 641903107 طبق بند 13 مقدمه فصل 19 فهرست بها
B20: بدینوسیله امضا کنندگان ذیل تایید می نمایند , عملیات اعمال رنگ High Solid GLASS FLAKE EPOXY به وسیله دستگاه رنگ پاش بدون هوا (Airless) به ضخامت 250 میکرون در درناحیه بالای اسپلش زون تا زیر عرشه اسکله بر روی المان های ناحیه حد فاصل محور های 19 الی 45 ضلع جنوبی اسکله شرقی مطابق با ریزمتره پیوست به مساحت 388/4 متر مربع انجام گردید.
B26: ردیف | C26: ردیف فهرست بها | E26: شرح | I26: مقدار | K26: واحد
B28: 24 | C28: 641903132* | E28: اضافه بها اعمال رنگ High Solid GLASS FLAKE EPOXY به وسیله دستگاه رنگ پاش بدون هوا (Airless) به ضخامت 250 میکرون درناحیه بالای اسپلش زون تا زیر عرشه اسکله معادل 20% بهای واحد ردیف 641903107 طبق بند 13 مقدمه فصل 19 فهرست بها | I28: 388/4 | K28: متر مربع | P28: 569.1511
B31: پیمانکار | F31: دستگاه نظارت | J31: کار فرما
B35: منبع مدرک: کارفرما ناظر مقیم پروژه امور قرارداد ها بایگانی دستگاه نظارت پیمانکار

Sheet  المان PNT-G-108
G2: شماره صورتمجلس PNT-G-108
B4: موضـوع: اضافه بها اعمال رنگ High Solid GLASS FLAKE EPOXY به وسیله دستگاه رنگ پاش بدون هوا (Airless) به ضخامت 250 میکرون درناحیه بالای اسپلش زون تا زیر عرشه اسکله معادل 20% بهای واحد ردیف 641903107 طبق بند 13 مقدمه فصل 19 فهرست بها
B5: موقعیت: محورهای 19 الی 45
B6: ردیف | C6: شرح | H6: سطح واحد(m2) | I6: تعداد | J6: طول/ابعاد (mm) | K6: طول/ابعاد موثر (mm) | L6: همپوشانی یک المان (m2) | M6: سطح یک المان(m2) | N6: سطح کل(m2)
B7: 1 | C7: AXIS 23 ROW F | D7: S-23-03A-U | G7: UC200*210*12*10 | H7: 1.22 | I7: 1 | J7: 4586 | K7: 4586 | L7: =2*0.21*0.3+0.154*0.21 -> 0.15834 | M7: =ROUNDUP(H7*K7/1000,1) -> 5.6 | N7: =M7*I7-L7*I7 -> 5.44166
B8: 2 | D8: S-23-03A-L | G8: UC200*210*12*10 | H8: 1.22 | I8: 1 | J8: 4586 | K8: 4586 | L8: =2*0.21*0.3 -> 0.126 | M8: =ROUNDUP(H8*K8/1000,1) -> 5.6 | N8: =M8*I8-L8*I8 -> 5.474
B9: 3 | D9: S23-F-03 | G9: UC160*160*12*8 | H9: 0.944 | I9: 1 | J9: 2948 | K9: 2771 | L9: 0 | M9: =ROUNDUP(H9*K9/1000,1) -> 2.7 | N9: =M9*I9-L9*I9 -> 2.7
B10: 4 | D10: S23-F-04 | G10: UC160*160*12*8 | H10: 0.944 | I10: 1 | J10: 2593 | K10: 2411 | L10: 0 | M10: =ROUNDUP(H10*K10/1000,1) -> 2.3 | N10: =M10*I10-L10*I10 -> 2.3
B11: 5 | D11: S23-F-05 | G11: UC160*160*12*8 | H11: 0.944 | I11: 1 | J11: 1629 | K11: 1629 | L11: 0 | M11: =ROUNDUP(H11*K11/1000,1) -> 1.6 | N11: =M11*I11-L11*I11 -> 1.6
B12: 6 | C12: S19-45(lower) AXIS 24 ROW F~G | G12: UC313*308*20*15 | H12: 1.828 | I12: 1 | J12: =6096 -> 6096 | K12: =6096 -> 6096 | L12: =0.85*0.308+1/4*0.308*0.85+0.37*0.308 -> 0.44121 | M12: =K12*H12/1000 -> 11.143488 | N12: =ROUND(M12*I12-I12*L12,1) -> 10.7
B13: 7 | C13: S19-45 (upper) AXIS 24 ROW F~G | G13: UC313*308*20*15 | H13: 1.828 | I13: 1 | J13: =6096 -> 6096 | K13: =6096 -> 6096 | L13: =0.25*0.308*0.85+0.023936+0.37*0.21 -> 0.167086 | M13: =K13*H13/1000 -> 11.143488 | N13: =ROUND(M13*I13-I13*L13,1) -> 11
B14: 8 | C14: S24-03 | G14: UC160*160*12*8 | H14: 0.944 | I14: 2 | J14: 1510 | K14: 1510 | L14: 0 | M14: =H14*K14/1000 -> 1.42544 | N14: =ROUND(M14*I14-I14*L14,1) -> 2.9
B15: 9 | C15: S24-02 | G15: UC160*160*12*8 | H15: 0.944 | I15: 1 | J15: 2402 | K15: 2251 | L15: 0 | M15: =H15*K15/1000 -> 2.124944 | N15: =ROUND(M15*I15-I15*L15,1) -> 2.1
B16: 10 | C16: S24-07 | G16: UC220*210*12*8 | H16: 1.284 | I16: 1 | J16: 1510 | K16: 1510 | L16: 0 | M16: =H16*K16/1000 -> 1.93884 | N16: =ROUND(M16*I16-I16*L16,1) -> 1.9
B17: 11 | C17: S24-04 | G17: UC160*160*12*8 | H17: 0.944 | I17: 1 | J17: 1112 | K17: 1029 | L17: 0 | M17: =H17*K17/1000 -> 0.971376 | N17: =ROUND(M17*I17-I17*L17,1) -> 1
B18: 12 | C18: S24-05 | G18: UC160*160*12*8 | H18: 0.944 | I18: 1 | J18: 1127 | K18: 1046 | L18: 0 | M18: =H18*K18/1000 -> 0.987424 | N18: =ROUND(M18*I18-I18*L18,1) -> 1
B19: 13 | C19: S24-08 | G19: UC160*160*12*8 | H19: 0.944 | I19: 1 | J19: 2383 | K19: 2234 | L19: 0 | M19: =H19*K19/1000 -> 2.108896 | N19: =ROUND(M19*I19-I19*L19,1) -> 2.1
B20: 14 | C20: S24-01 | G20: UC160*160*12*8 | H20: 0.944 | I20: 1 | J20: 2415 | K20: 2253 | L20: 0 | M20: =H20*K20/1000 -> 2.126832 | N20: =ROUND(M20*I20-I20*L20,1) -> 2.1
B21: 15 | C21: S-23-02-L | G21: UC200*210*12*10 | H21: 1.22 | I21: 1 | J21: 7619 | K21: 7619 | L21: 0.252 | M21: =H21*K21/1000 -> 9.29518 | N21: =ROUND(M21*I21-I21*L21,1) -> 9
B22: 16 | C22: S-23-04A-L | G22: UC200*210*12*10 | H22: 1.22 | I22: 1 | J22: 7579 | K22: 7579 | L22: 0.252 | M22: =H22*K22/1000 -> 9.24638 | N22: =ROUND(M22*I22-I22*L22,1) -> 9
B23: 17 | C23: S24-06 | G23: UC220*210*12*8 | H23: 1.284 | I23: 1 | J23: 1814 | K23: 1814 | L23: 0 | M23: =H23*K23/1000 -> 2.329176 | N23: =ROUND(M23*I23-I23*L23,1) -> 2.3
B24: 18 | C24: S-23-02-U | G24: UC200*210*12*10 | H24: 1.22 | I24: 1 | J24: 7619 | K24: 7619 | L24: 0.252 | M24: =H24*K24/1000 -> 9.29518 | N24: =ROUND(M24*I24-I24*L24,1) -> 9
B25: 19 | C25: GUSSET - LOWER DECK (Row F) AXIS 24 | G25: TYP.07 (LOWER DECK) | H25: =4*0.266023 -> 1.064092 | I25: 1 | J25: - | K25: - | L25: =6*0.21*0.3+0.65*0.154 -> 0.4781 | M25: =H25*I25 -> 1.064092 | N25: =ROUND(M25*I25-I25*L25,1) -> 0.6
B26: 20 | C26: GUSSET - UPPER DECK (Row F) AXIS 24 | G26: TYP.06 (UPPER DECK) | H26: =4*(0.18057+0.293223) -> 1.895172 | I26: 1 | J26: - | K26: - | L26: =8*0.3*0.21+0.247525 -> 0.751525 | M26: =H26*I26 -> 1.895172 | N26: =ROUND(M26*I26-I26*L26,1) -> 1.1
B27: 21 | C27: CAP PILE (AXIS-24 ROW F) | G27: 800*800*15 | H27: =0.8*0.8 -> 0.64 | I27: 1 | J27: - | K27: - | L27: =0.8*0.308 -> 0.2464 | M27: 0.64 | N27: =ROUND(M27*I27-L27*I27,1) -> 0.4
B28: 22 | C28: BOX TO PILE (AXIS-24 ROW E) | G28: 1920*720 | H28: 3.58 | I28: 1 | J28: - | K28: - | L28: =1.9*0.308 -> 0.5852 | M28: =H28 -> 3.58 | N28: =ROUND(M28*I28-L28*I28,1) -> 3
B29: 23 | C29: GUSSET - LOWER DECK (Row G) AXIS 24 | G29: TYP.06 (LOWER DECK) | H29: =4*(0.23081) -> 0.92324 | I29: 1 | J29: - | K29: - | L29: =0.37*0.308 -> 0.11396 | M29: =H29*I29 -> 0.92324 | N29: =ROUND(M29*I29-I29*L29,1) -> 0.8
B30: 24 | C30: GUSSET - UPPER DECK (Row G) AXIS 24 | G30: TYP.04 (UPPER DECK) | H30: =4*(0.23081) -> 0.92324 | I30: 1 | J30: - | K30: - | L30: =0.37*0.308 -> 0.11396 | M30: =H30*I30 -> 0.92324 | N30: =ROUND(M30*I30-I30*L30,1) -> 0.8
B31: 25 | C31: SUPPORT GRATING | G31: UC165*305*12*8 | H31: 1.254 | I31: 6 | J31: 5460 | K31: 5460 | L31: =0.25*0.165 -> 0.04125 | M31: =ROUNDUP(H31*K31/1000,2) -> 6.85 | N31: =M31*I31-L31*I31 -> 40.8525
B32: 26 | C32: STAND SUOPPORT | G32: TYP.01 | H32: 0.3812 | I32: 6 | J32: --- | K32: --- | L32: =0.165*0.25 -> 0.04125 | M32: =H32 -> 0.3812 | N32: =M32*I32-L32*I32 -> 2.0397
B33: 27 | C33: AXIS 23 ROW G | D33: S.19~45 | G33: UC370*370*25*15 | H33: 2.19 | I33: 2 | J33: 5486 | K33: 5486 | L33: 0 | M33: =ROUNDUP(H33*K33/1000,1) -> 12.1 | N33: =ROUND(M33*I33-I33*L33,1) -> 24.2
B34: 28 | D34: S23-G-02 | G34: UC160*155*10*8 | H34: 0.934 | I34: 1 | J34: 1794 | K34: 1794 | L34: 0 | M34: =ROUNDUP(H34*K34/1000,1) -> 1.7 | N34: =ROUND(M34*I34-I34*L34,1) -> 1.7
B35: 29 | D35: S23-G-03 | G35: UC160*155*10*8 | H35: 0.934 | I35: 2 | J35: 3124 | K35: 2983 | L35: 0 | M35: =ROUNDUP(H35*K35/1000,1) -> 2.8 | N35: =ROUND(M35*I35-I35*L35,1) -> 5.6
B36: 30 | C36: AXIS 24 ROW G | D36: S.19~45 | G36: UC370*370*25*15 | H36: 2.19 | I36: 2 | J36: 5486 | K36: 5486 | L36: 0 | M36: =ROUNDUP(H36*K36/1000,1) -> 12.1 | N36: =ROUND(M36*I36-I36*L36,1) -> 24.2
B37: 31 | D37: S24-G-02 | G37: UC160*155*10*8 | H37: 0.934 | I37: 1 | J37: 1794 | K37: 1794 | L37: 0 | M37: =ROUNDUP(H37*K37/1000,1) -> 1.7 | N37: =ROUND(M37*I37-I37*L37,1) -> 1.7
B38: 32 | D38: S24-G-03 | G38: UC160*155*10*8 | H38: 0.934 | I38: 2 | J38: 3124 | K38: 2983 | L38: 0 | M38: =ROUNDUP(H38*K38/1000,1) -> 2.8 | N38: =ROUND(M38*I38-I38*L38,1) -> 5.6
B39: جمع کل | N39: =SUM(N7:N38) -> 194.20786
B40: جمع کل جهت 2 لایه | N40: =N39*2 -> 388.41572
B41: پیمانکار : تاریخ : | I41: دستگاه نظارت : تاریخ :
B43: منبع مدرک: کارفرما ناظر مقیم پروژه امور قرارداد ها بایگانی دستگاه نظارت پیمانکار

Sheet PNT-G-107
B1: صورت مجلس | E1: شماره ویرایش مدرک: | H1: تاریخ ویرایش مدرک: | K1: EC-01-F-09
F4: صورتمجلس
B11: نام پروژه: تعمیرات اساسی ضلع جنوبی اسکله شرقی جزیره خارگ ازمحور19الی45 (PC) | F11: شماره صورت PNT-G-107 | J11: تاریخ :1404/06/13
B14: نام پیمانکار: شرکت صنایع فرا ساحل (صف) | F14: شماره قرارداد: 11048-73-38 | J14: تعداد صفحات پيوست: 5 صفحه
B17: موضـوع: اضافه بهای اعمال رنگ High Solid GLASS FLAKE EPOXY به وسیله دستگاه رنگ پاش بدون هوا (Airless) به ضخامت 250 میکرون در اسکله ( در صورتی که سطح مورد نظر ، لوله تا 8 اینچ یا مقاطع فولادی تا 200 میلی متر باشد.)
B20: بدینوسیله امضا کنندگان ذیل تایید می نمایند , عملیات اعمال رنگ High Solid GLASS FLAKE EPOXY به وسیله دستگاه رنگ پاش بدون هوا (Airless) به ضخامت 250 میکرون در اسکله بر روی المان های ناحیه حد فاصل محور های 19 الی 45 ضلع جنوبی اسکله شرقی مطابق با ریزمتره پیوست به مساحت 222/4 متر مربع انجام گردید.
B26: ردیف | C26: ردیف فهرست بها | E26: شرح | I26: مقدار | K26: واحد
B28: 21 | C28: 641903122 | E28: اضافه بهای اعمال رنگ High Solid GLASS FLAKE EPOXY به وسیله دستگاه رنگ پاش بدون هوا (Airless) به ضخامت 250 میکرون در اسکله ( در صورتی که سطح مورد نظر ، لوله تا 8 اینچ یا مقاطع فولادی تا 200 میلی متر باشد.) | I28: 222/4 | K28: متر مربع
B31: پیمانکار | F31: دستگاه نظارت | J31: کار فرما
B35: منبع مدرک: کارفرما ناظر مقیم پروژه امور قرارداد ها بایگانی دستگاه نظارت پیمانکار

Sheet  المان PNT-G-107
G2: شماره صورتمجلس PNT-G-107
B4: موضـوع: اضافه بهای اعمال رنگ High Solid GLASS FLAKE Epoxy به وسیله دستگاه رنگ پاش بدون هوا (Airless) به ضخامت 250 میکرون در اسکله ( در صورتی که سطح مورد نظر ، لوله تا 8 اینچ یا مقاطع فولادی تا 200 میلی متر باشد.)
B5: موقعیت: محورهای 19 الی 45
B6: ردیف | C6: شرح | H6: سطح واحد(m2) | I6: تعداد | J6: طول/ابعاد (mm) | K6: طول/ابعاد موثر (mm) | L6: همپوشانی یک المان (m2) | M6: سطح یک المان(m2) | N6: سطح کل(m2)
B7: 1 | C7: AXIS 23 ROW F | D7: S-23-03A-U | G7: UC200*210*12*10 | H7: 1.22 | I7: 1 | J7: 4586 | K7: 4586 | L7: =2*0.21*0.3+0.154*0.21 -> 0.15834 | M7: =ROUNDUP(H7*K7/1000,1) -> 5.6 | N7: =M7*I7-L7*I7 -> 5.44166
B8: 2 | D8: S-23-03A-L | G8: UC200*210*12*10 | H8: 1.22 | I8: 1 | J8: 4586 | K8: 4586 | L8: =2*0.21*0.3 -> 0.126 | M8: =ROUNDUP(H8*K8/1000,1) -> 5.6 | N8: =M8*I8-L8*I8 -> 5.474
B9: 3 | D9: S23-F-03 | G9: UC160*160*12*8 | H9: 0.944 | I9: 1 | J9: 2948 | K9: 2771 | L9: 0 | M9: =ROUNDUP(H9*K9/1000,1) -> 2.7 | N9: =M9*I9-L9*I9 -> 2.7
B10: 4 | D10: S23-F-04 | G10: UC160*160*12*8 | H10: 0.944 | I10: 1 | J10: 2593 | K10: 2411 | L10: 0 | M10: =ROUNDUP(H10*K10/1000,1) -> 2.3 | N10: =M10*I10-L10*I10 -> 2.3
B11: 5 | D11: S23-F-05 | G11: UC160*160*12*8 | H11: 0.944 | I11: 1 | J11: 1629 | K11: 1629 | L11: 0 | M11: =ROUNDUP(H11*K11/1000,1) -> 1.6 | N11: =M11*I11-L11*I11 -> 1.6
B12: 6 | C12: S19-45(lower) AXIS 24 ROW F~G | G12: UC313*308*20*15 | H12: 1.828 | I12: 0 | J12: =6096 -> 6096 | K12: =6096 -> 6096 | L12: =0.85*0.308+1/4*0.308*0.85+0.37*0.308 -> 0.44121 | M12: =K12*H12/1000 -> 11.143488 | N12: =ROUND(M12*I12-I12*L12,1) -> 0
B13: 7 | C13: S19-45 (upper) AXIS 24 ROW F~G | G13: UC313*308*20*15 | H13: 1.828 | I13: 0 | J13: =6096 -> 6096 | K13: =6096 -> 6096 | L13: =0.25*0.308*0.85+0.023936+0.37*0.21 -> 0.167086 | M13: =K13*H13/1000 -> 11.143488 | N13: =ROUND(M13*I13-I13*L13,1) -> 0
B14: 8 | C14: S24-03 | G14: UC160*160*12*8 | H14: 0.944 | I14: 2 | J14: 1510 | K14: 1510 | L14: 0 | M14: =H14*K14/1000 -> 1.42544 | N14: =ROUND(M14*I14-I14*L14,1) -> 2.9
B15: 9 | C15: S24-02 | G15: UC160*160*12*8 | H15: 0.944 | I15: 1 | J15: 2402 | K15: 2251 | L15: 0 | M15: =H15*K15/1000 -> 2.124944 | N15: =ROUND(M15*I15-I15*L15,1) -> 2.1
B16: 10 | C16: S24-07 | G16: UC220*210*12*8 | H16: 1.284 | I16: 0 | J16: 1510 | K16: 1510 | L16: 0 | M16: =H16*K16/1000 -> 1.93884 | N16: =ROUND(M16*I16-I16*L16,1) -> 0
B17: 11 | C17: S24-04 | G17: UC160*160*12*8 | H17: 0.944 | I17: 1 | J17: 1112 | K17: 1029 | L17: 0 | M17: =H17*K17/1000 -> 0.971376 | N17: =ROUND(M17*I17-I17*L17,1) -> 1
B18: 12 | C18: S24-05 | G18: UC160*160*12*8 | H18: 0.944 | I18: 1 | J18: 1127 | K18: 1046 | L18: 0 | M18: =H18*K18/1000 -> 0.987424 | N18: =ROUND(M18*I18-I18*L18,1) -> 1
B19: 13 | C19: S24-08 | G19: UC160*160*12*8 | H19: 0.944 | I19: 1 | J19: 2383 | K19: 2234 | L19: 0 | M19: =H19*K19/1000 -> 2.108896 | N19: =ROUND(M19*I19-I19*L19,1) -> 2.1
B20: 14 | C20: S24-01 | G20: UC160*160*12*8 | H20: 0.944 | I20: 1 | J20: 2415 | K20: 2253 | L20: 0 | M20: =H20*K20/1000 -> 2.126832 | N20: =ROUND(M20*I20-I20*L20,1) -> 2.1
B21: 15 | C21: S-23-02-L | G21: UC200*210*12*10 | H21: 1.22 | I21: 1 | J21: 7619 | K21: 7619 | L21: 0.252 | M21: =H21*K21/1000 -> 9.29518 | N21: =ROUND(M21*I21-I21*L21,1) -> 9
B22: 16 | C22: S-23-04A-L | G22: UC200*210*12*10 | H22: 1.22 | I22: 1 | J22: 7579 | K22: 7579 | L22: 0.252 | M22: =H22*K22/1000 -> 9.24638 | N22: =ROUND(M22*I22-I22*L22,1) -> 9
B23: 17 | C23: S24-06 | G23: UC220*210*12*8 | H23: 1.284 | I23: 0 | J23: 1814 | K23: 1814 | L23: 0 | M23: =H23*K23/1000 -> 2.329176 | N23: =ROUND(M23*I23-I23*L23,1) -> 0
B24: 18 | C24: S-23-02-U | G24: UC200*210*12*10 | H24: 1.22 | I24: 1 | J24: 7619 | K24: 7619 | L24: 0.252 | M24: =H24*K24/1000 -> 9.29518 | N24: =ROUND(M24*I24-I24*L24,1) -> 9
B25: 19 | C25: GUSSET - LOWER DECK (Row F) AXIS 24 | G25: TYP.07 (LOWER DECK) | H25: =4*0.266023 -> 1.064092 | I25: 0 | J25: - | K25: - | L25: =6*0.21*0.3+0.65*0.154 -> 0.4781 | M25: =H25*I25 -> 0 | N25: =ROUND(M25*I25-I25*L25,1) -> 0
B26: 20 | C26: GUSSET - UPPER DECK (Row F) AXIS 24 | G26: TYP.06 (UPPER DECK) | H26: =4*(0.18057+0.293223) -> 1.895172 | I26: 0 | J26: - | K26: - | L26: =8*0.3*0.21+0.247525 -> 0.751525 | M26: =H26*I26 -> 0 | N26: =ROUND(M26*I26-I26*L26,1) -> 0
B27: 21 | C27: CAP PILE (AXIS-24 ROW F) | G27: 800*800*15 | H27: =0.8*0.8 -> 0.64 | I27: 0 | J27: - | K27: - | L27: =0.8*0.308 -> 0.2464 | M27: 0.64 | N27: =ROUND(M27*I27-L27*I27,1) -> 0
B28: 22 | C28: BOX TO PILE (AXIS-24 ROW E) | G28: 1920*720 | H28: 3.58 | I28: 0 | J28: - | K28: - | L28: =1.9*0.308 -> 0.5852 | M28: =H28 -> 3.58 | N28: =ROUND(M28*I28-L28*I28,1) -> 0
B29: 23 | C29: GUSSET - LOWER DECK (Row G) AXIS 24 | G29: TYP.06 (LOWER DECK) | H29: =4*(0.23081) -> 0.92324 | I29: 0 | J29: - | K29: - | L29: =0.37*0.308 -> 0.11396 | M29: =H29*I29 -> 0 | N29: =ROUND(M29*I29-I29*L29,1) -> 0
B30: 24 | C30: GUSSET - UPPER DECK (Row G) AXIS 24 | G30: TYP.04 (UPPER DECK) | H30: =4*(0.23081) -> 0.92324 | I30: 0 | J30: - | K30: - | L30: =0.37*0.308 -> 0.11396 | M30: =H30*I30 -> 0 | N30: =ROUND(M30*I30-I30*L30,1) -> 0
B31: 25 | C31: SUPPORT GRATING | G31: UC165*305*12*8 | H31: 1.254 | I31: 6 | J31: 5460 | K31: 5460 | L31: =0.25*0.165 -> 0.04125 | M31: =ROUNDUP(H31*K31/1000,2) -> 6.85 | N31: =M31*I31-L31*I31 -> 40.8525
B32: 26 | C32: STAND SUOPPORT | G32: TYP.01 | H32: 0.3812 | I32: 0 | J32: --- | K32: --- | L32: =0.165*0.25 -> 0.04125 | M32: =H32 -> 0.3812 | N32: =M32*I32-L32*I32 -> 0
B33: 27 | C33: AXIS 23 ROW G | D33: S.19~45 | G33: UC370*370*25*15 | H33: 2.19 | I33: 0 | J33: 5486 | K33: 5486 | L33: 0 | M33: =ROUNDUP(H33*K33/1000,1) -> 12.1 | N33: =ROUND(M33*I33-I33*L33,1) -> 0
B34: 28 | D34: S23-G-02 | G34: UC160*155*10*8 | H34: 0.934 | I34: 1 | J34: 1794 | K34: 1794 | L34: 0 | M34: =ROUNDUP(H34*K34/1000,1) -> 1.7 | N34: =ROUND(M34*I34-I34*L34,1) -> 1.7
B35: 29 | D35: S23-G-03 | G35: UC160*155*10*8 | H35: 0.934 | I35: 2 | J35: 3124 | K35: 2983 | L35: 0 | M35: =ROUNDUP(H35*K35/1000,1) -> 2.8 | N35: =ROUND(M35*I35-I35*L35,1) -> 5.6
B36: 30 | C36: AXIS 24 ROW G | D36: S.19~45 | G36: UC370*370*25*15 | H36: 2.19 | I36: 0 | J36: 5486 | K36: 5486 | L36: 0 | M36: =ROUNDUP(H36*K36/1000,1) -> 12.1 | N36: =ROUND(M36*I36-I36*L36,1) -> 0
B37: 31 | D37: S24-G-02 | G37: UC160*155*10*8 | H37: 0.934 | I37: 1 | J37: 1794 | K37: 1794 | L37: 0 | M37: =ROUNDUP(H37*K37/1000,1) -> 1.7 | N37: =ROUND(M37*I37-I37*L37,1) -> 1.7
B38: 32 | D38: S24-G-03 | G38: UC160*155*10*8 | H38: 0.934 | I38: 2 | J38: 3124 | K38: 2983 | L38: 0 | M38: =ROUNDUP(H38*K38/1000,1) -> 2.8 | N38: =ROUND(M38*I38-I38*L38,1) -> 5.6
B39: جمع کل | N39: =SUM(N7:N38) -> 111.16816
B40: جمع کل جهت 2 لایه | N40: 222.4
B41: پیمانکار : تاریخ : | I41: دستگاه نظارت : تاریخ :
B43: منبع مدرک: کارفرما ناظر مقیم پروژه امور قرارداد ها بایگانی دستگاه نظارت پیمانکار

Sheet PNT-G-106
B1: صورت مجلس | E1: شماره ویرایش مدرک: | H1: تاریخ ویرایش مدرک: | K1: EC-01-F-09
F4: صورتمجلس
B11: نام پروژه: تعمیرات اساسی ضلع جنوبی اسکله شرقی جزیره خارگ ازمحور19الی45 (PC) | F11: شماره صورت PNT-G-106 | J11: تاریخ :1404/06/13
B14: نام پیمانکار: شرکت صنایع فرا ساحل (صف) | F14: شماره قرارداد: 11048-73-38 | J14: تعداد صفحات پيوست: 5 صفحه
B17: موضـوع: اعمال رنگ High Solid GLASS FLAKE EPOXY به وسیله دستگاه رنگ پاش بدون هوا (Airless) به ضخامت 250 میکرون در اسکله
B20: بدینوسیله امضا کنندگان ذیل تایید می نمایند , عملیات اعمال رنگ High Solid GLASS FLAKE EPOXY به وسیله دستگاه رنگ پاش بدون هوا (Airless) به ضخامت 250 میکرون در اسکله بر روی المان های ناحیه حد فاصل محور های 19 الی 45 ضلع جنوبی اسکله شرقی مطابق با ریزمتره پیوست به مساحت 388/4 متر مربع انجام گردید.
B26: ردیف | C26: ردیف فهرست بها | E26: شرح | I26: مقدار | K26: واحد
B28: 17 | C28: 641903107 | E28: اعمال رنگ High Solid GLASS FLAKE EPOXY به وسیله دستگاه رنگ پاش بدون هوا (Airless) به ضخامت 250 میکرون در اسکله | I28: 388/4 | K28: متر مربع
B31: پیمانکار | F31: دستگاه نظارت | J31: کار فرما
B35: منبع مدرک: کارفرما ناظر مقیم پروژه امور قرارداد ها بایگانی دستگاه نظارت پیمانکار

Sheet  المان PNT-G-106
G2: شماره صورتمجلس PNT-G-106
B4: موضـوع: اعمال رنگ High Solid GLASS FLAKE EPOXY به وسیله دستگاه رنگ پاش بدون هوا (Airless) به ضخامت 250 میکرون در اسکله
B5: موقعیت: محورهای 19 الی 45
B6: ردیف | C6: شرح | H6: سطح واحد(m2) | I6: تعداد | J6: طول/ابعاد (mm) | K6: طول/ابعاد موثر (mm) | L6: همپوشانی یک المان (m2) | M6: سطح یک المان(m2) | N6: سطح کل(m2) | CB6: .
B7: 1 | C7: AXIS 23 ROW F | D7: S-23-03A-U | G7: UC200*210*12*10 | H7: 1.22 | I7: 1 | J7: 4586 | K7: 4586 | L7: =2*0.21*0.3+0.154*0.21 -> 0.15834 | M7: =ROUNDUP(H7*K7/1000,1) -> 5.6 | N7: =M7*I7-L7*I7 -> 5.44166
B8: 2 | D8: S-23-03A-L | G8: UC200*210*12*10 | H8: 1.22 | I8: 1 | J8: 4586 | K8: 4586 | L8: =2*0.21*0.3 -> 0.126 | M8: =ROUNDUP(H8*K8/1000,1) -> 5.6 | N8: =M8*I8-L8*I8 -> 5.474
B9: 3 | D9: S23-F-03 | G9: UC160*160*12*8 | H9: 0.944 | I9: 1 | J9: 2948 | K9: 2771 | L9: 0 | M9: =ROUNDUP(H9*K9/1000,1) -> 2.7 | N9: =M9*I9-L9*I9 -> 2.7
B10: 4 | D10: S23-F-04 | G10: UC160*160*12*8 | H10: 0.944 | I10: 1 | J10: 2593 | K10: 2411 | L10: 0 | M10: =ROUNDUP(H10*K10/1000,1) -> 2.3 | N10: =M10*I10-L10*I10 -> 2.3
B11: 5 | D11: S23-F-05 | G11: UC160*160*12*8 | H11: 0.944 | I11: 1 | J11: 1629 | K11: 1629 | L11: 0 | M11: =ROUNDUP(H11*K11/1000,1) -> 1.6 | N11: =M11*I11-L11*I11 -> 1.6
B12: 6 | C12: S19-45(lower) AXIS 24 ROW F~G | G12: UC313*308*20*15 | H12: 1.828 | I12: 1 | J12: =6096 -> 6096 | K12: =6096 -> 6096 | L12: =0.85*0.308+1/4*0.308*0.85+0.37*0.308 -> 0.44121 | M12: =K12*H12/1000 -> 11.143488 | N12: =ROUND(M12*I12-I12*L12,1) -> 10.7
B13: 7 | C13: S19-45 (upper) AXIS 24 ROW F~G | G13: UC313*308*20*15 | H13: 1.828 | I13: 1 | J13: =6096 -> 6096 | K13: =6096 -> 6096 | L13: =0.25*0.308*0.85+0.023936+0.37*0.21 -> 0.167086 | M13: =K13*H13/1000 -> 11.143488 | N13: =ROUND(M13*I13-I13*L13,1) -> 11
B14: 8 | C14: S24-03 | G14: UC160*160*12*8 | H14: 0.944 | I14: 2 | J14: 1510 | K14: 1510 | L14: 0 | M14: =H14*K14/1000 -> 1.42544 | N14: =ROUND(M14*I14-I14*L14,1) -> 2.9
B15: 9 | C15: S24-02 | G15: UC160*160*12*8 | H15: 0.944 | I15: 1 | J15: 2402 | K15: 2251 | L15: 0 | M15: =H15*K15/1000 -> 2.124944 | N15: =ROUND(M15*I15-I15*L15,1) -> 2.1
B16: 10 | C16: S24-07 | G16: UC220*210*12*8 | H16: 1.284 | I16: 1 | J16: 1510 | K16: 1510 | L16: 0 | M16: =H16*K16/1000 -> 1.93884 | N16: =ROUND(M16*I16-I16*L16,1) -> 1.9
B17: 11 | C17: S24-04 | G17: UC160*160*12*8 | H17: 0.944 | I17: 1 | J17: 1112 | K17: 1029 | L17: 0 | M17: =H17*K17/1000 -> 0.971376 | N17: =ROUND(M17*I17-I17*L17,1) -> 1
B18: 12 | C18: S24-05 | G18: UC160*160*12*8 | H18: 0.944 | I18: 1 | J18: 1127 | K18: 1046 | L18: 0 | M18: =H18*K18/1000 -> 0.987424 | N18: =ROUND(M18*I18-I18*L18,1) -> 1
B19: 13 | C19: S24-08 | G19: UC160*160*12*8 | H19: 0.944 | I19: 1 | J19: 2383 | K19: 2234 | L19: 0 | M19: =H19*K19/1000 -> 2.108896 | N19: =ROUND(M19*I19-I19*L19,1) -> 2.1
B20: 14 | C20: S24-01 | G20: UC160*160*12*8 | H20: 0.944 | I20: 1 | J20: 2415 | K20: 2253 | L20: 0 | M20: =H20*K20/1000 -> 2.126832 | N20: =ROUND(M20*I20-I20*L20,1) -> 2.1
B21: 15 | C21: S-23-02-L | G21: UC200*210*12*10 | H21: 1.22 | I21: 1 | J21: 7619 | K21: 7619 | L21: 0.252 | M21: =H21*K21/1000 -> 9.29518 | N21: =ROUND(M21*I21-I21*L21,1) -> 9
B22: 16 | C22: S-23-04A-L | G22: UC200*210*12*10 | H22: 1.22 | I22: 1 | J22: 7579 | K22: 7579 | L22: 0.252 | M22: =H22*K22/1000 -> 9.24638 | N22: =ROUND(M22*I22-I22*L22,1) -> 9
B23: 17 | C23: S24-06 | G23: UC220*210*12*8 | H23: 1.284 | I23: 1 | J23: 1814 | K23: 1814 | L23: 0 | M23: =H23*K23/1000 -> 2.329176 | N23: =ROUND(M23*I23-I23*L23,1) -> 2.3
B24: 18 | C24: S-23-02-U | G24: UC200*210*12*10 | H24: 1.22 | I24: 1 | J24: 7619 | K24: 7619 | L24: 0.252 | M24: =H24*K24/1000 -> 9.29518 | N24: =ROUND(M24*I24-I24*L24,1) -> 9
B25: 19 | C25: GUSSET - LOWER DECK (Row F) AXIS 24 | G25: TYP.07 (LOWER DECK) | H25: =4*0.266023 -> 1.064092 | I25: 1 | J25: - | K25: - | L25: =6*0.21*0.3+0.65*0.154 -> 0.4781 | M25: =H25*I25 -> 1.064092 | N25: =ROUND(M25*I25-I25*L25,1) -> 0.6
B26: 20 | C26: GUSSET - UPPER DECK (Row F) AXIS 24 | G26: TYP.06 (UPPER DECK) | H26: =4*(0.18057+0.293223) -> 1.895172 | I26: 1 | J26: - | K26: - | L26: =8*0.3*0.21+0.247525 -> 0.751525 | M26: =H26*I26 -> 1.895172 | N26: =ROUND(M26*I26-I26*L26,1) -> 1.1
B27: 21 | C27: CAP PILE (AXIS-24 ROW F) | G27: 800*800*15 | H27: =0.8*0.8 -> 0.64 | I27: 1 | J27: - | K27: - | L27: =0.8*0.308 -> 0.2464 | M27: 0.64 | N27: =ROUND(M27*I27-L27*I27,1) -> 0.4
B28: 22 | C28: BOX TO PILE (AXIS-24 ROW E) | G28: 1920*720 | H28: 3.58 | I28: 1 | J28: - | K28: - | L28: =1.9*0.308 -> 0.5852 | M28: =H28 -> 3.58 | N28: =ROUND(M28*I28-L28*I28,1) -> 3
B29: 23 | C29: GUSSET - LOWER DECK (Row G) AXIS 24 | G29: TYP.06 (LOWER DECK) | H29: =4*(0.23081) -> 0.92324 | I29: 1 | J29: - | K29: - | L29: =0.37*0.308 -> 0.11396 | M29: =H29*I29 -> 0.92324 | N29: =ROUND(M29*I29-I29*L29,1) -> 0.8
B30: 24 | C30: GUSSET - UPPER DECK (Row G) AXIS 24 | G30: TYP.04 (UPPER DECK) | H30: =4*(0.23081) -> 0.92324 | I30: 1 | J30: - | K30: - | L30: =0.37*0.308 -> 0.11396 | M30: =H30*I30 -> 0.92324 | N30: =ROUND(M30*I30-I30*L30,1) -> 0.8
B31: 25 | C31: SUPPORT GRATING | G31: UC165*305*12*8 | H31: 1.254 | I31: 6 | J31: 5460 | K31: 5460 | L31: =0.25*0.165 -> 0.04125 | M31: =ROUNDUP(H31*K31/1000,2) -> 6.85 | N31: =M31*I31-L31*I31 -> 40.8525
B32: 26 | C32: STAND SUOPPORT | G32: TYP.01 | H32: 0.3812 | I32: 6 | J32: --- | K32: --- | L32: =0.165*0.25 -> 0.04125 | M32: =H32 -> 0.3812 | N32: =M32*I32-L32*I32 -> 2.0397
B33: 27 | C33: AXIS 23 ROW G | D33: S.19~45 | G33: UC370*370*25*15 | H33: 2.19 | I33: 2 | J33: 5486 | K33: 5486 | L33: 0 | M33: =ROUNDUP(H33*K33/1000,1) -> 12.1 | N33: =ROUND(M33*I33-I33*L33,1) -> 24.2
B34: 28 | D34: S23-G-02 | G34: UC160*155*10*8 | H34: 0.934 | I34: 1 | J34: 1794 | K34: 1794 | L34: 0 | M34: =ROUNDUP(H34*K34/1000,1) -> 1.7 | N34: =ROUND(M34*I34-I34*L34,1) -> 1.7
B35: 29 | D35: S23-G-03 | G35: UC160*155*10*8 | H35: 0.934 | I35: 2 | J35: 3124 | K35: 2983 | L35: 0 | M35: =ROUNDUP(H35*K35/1000,1) -> 2.8 | N35: =ROUND(M35*I35-I35*L35,1) -> 5.6
B36: 30 | C36: AXIS 24 ROW G | D36: S.19~45 | G36: UC370*370*25*15 | H36: 2.19 | I36: 2 | J36: 5486 | K36: 5486 | L36: 0 | M36: =ROUNDUP(H36*K36/1000,1) -> 12.1 | N36: =ROUND(M36*I36-I36*L36,1) -> 24.2
B37: 31 | D37: S24-G-02 | G37: UC160*155*10*8 | H37: 0.934 | I37: 1 | J37: 1794 | K37: 1794 | L37: 0 | M37: =ROUNDUP(H37*K37/1000,1) -> 1.7 | N37: =ROUND(M37*I37-I37*L37,1) -> 1.7
B38: 32 | D38: S24-G-03 | G38: UC160*155*10*8 | H38: 0.934 | I38: 2 | J38: 3124 | K38: 2983 | L38: 0 | M38: =ROUNDUP(H38*K38/1000,1) -> 2.8 | N38: =ROUND(M38*I38-I38*L38,1) -> 5.6
B39: جمع کل | N39: =SUM(N7:N38) -> 194.20786
B40: جمع کل جهت 2 لایه | N40: =N39*2 -> 388.41572
B41: پیمانکار : تاریخ : | I41: دستگاه نظارت : تاریخ :
B43: منبع مدرک: کارفرما ناظر مقیم پروژه امور قرارداد ها بایگانی دستگاه نظارت پیمانکار

Sheet PNT-G-105
B1: صورت مجلس | E1: شماره ویرایش مدرک: | H1: تاریخ ویرایش مدرک: | K1: EC-01-F-09
F4: صورتمجلس
B11: نام پروژه: تعمیرات اساسی ضلع جنوبی اسکله شرقی جزیره خارگ ازمحور19الی45 (PC) | F11: شماره صورتمجلس PNT-G-105 | J11: تاریخ :1404/05/18
B14: نام پیمانکار: شرکت صنایع فرا ساحل (صف) | F14: شماره قرارداد: 11048-73-38 | J14: تعداد صفحات پيوست: 06 صفحه
B17: موضـوع: تهیه رنگ High Solid GLASS FLAKE EPOXY به ضخامت 250 میکرون
B20: بدینوسیله امضا کنندگان ذیل تایید می نمایند , تهیه رنگ High Solid GLASS FLAKE EPOXY به ضخامت 250 میکرون برای المان های ناحیه حد فاصل محور های 19 الی 45 ضلع جنوبی اسکله شرقی مطابق با ریزمتره پیوست به مساحت 596/2 متر مربع انجام گردید.
B26: ردیف | C26: ردیف فهرست بها | E26: شرح | I26: مقدار | K26: واحد
B28: 28 | C28: 641904105 | E28: تهیه رنگ High Solid GLASS FLAKE EPOXY به ضخامت 250 میکرون | I28: 596/2 | K28: متر مربع
B31: پیمانکار | F31: دستگاه نظارت | J31: کار فرما
B35: منبع مدرک: کارفرما ناظر مقیم پروژه امور قرارداد ها بایگانی دستگاه نظارت پیمانکار

Sheet PNT-G-104
B1: صورت مجلس | E1: شماره ویرایش مدرک: | H1: تاریخ ویرایش مدرک: | K1: EC-01-F-09
F4: صورتمجلس
B11: نام پروژه: تعمیرات اساسی ضلع جنوبی اسکله شرقی جزیره خارگ ازمحور19الی45 (PC) | F11: شماره صورت PNT-G-104 | J11: تاریخ :1404/05/18
B14: نام پیمانکار: شرکت صنایع فرا ساحل (صف) | F14: شماره قرارداد: 11048-73-38 | J14: تعداد صفحات پيوست: 5 صفحه
B17: موضـوع: اضافه بها اعمال رنگ High Solid GLASS FLAKE EPOXY به وسیله دستگاه رنگ پاش بدون هوا (Airless) به ضخامت 250 میکرون درناحیه بالای اسپلش زون تا زیر عرشه اسکله معادل 20% بهای واحد ردیف 641903107 طبق بند 13 مقدمه فصل 19 فهرست بها
B20: بدینوسیله امضا کنندگان ذیل تایید می نمایند , عملیات اعمال رنگ High Solid GLASS FLAKE EPOXY به وسیله دستگاه رنگ پاش بدون هوا (Airless) به ضخامت 250 میکرون در درناحیه بالای اسپلش زون تا زیر عرشه اسکله بر روی المان های ناحیه حد فاصل محور های 19 الی 45 ضلع جنوبی اسکله شرقی مطابق با ریزمتره پیوست به مساحت 596/2 متر مربع انجام گردید.
B26: ردیف | C26: ردیف فهرست بها | E26: شرح | I26: مقدار | K26: واحد
B28: 24 | C28: 641903132* | E28: اضافه بها اعمال رنگ High Solid GLASS FLAKE EPOXY به وسیله دستگاه رنگ پاش بدون هوا (Airless) به ضخامت 250 میکرون درناحیه بالای اسپلش زون تا زیر عرشه اسکله معادل 20% بهای واحد ردیف 641903107 طبق بند 13 مقدمه فصل 19 فهرست بها | I28: 596/2 | K28: متر مربع | P28: 569.1511
B31: پیمانکار | F31: دستگاه نظارت | J31: کار فرما
B35: منبع مدرک: کارفرما ناظر مقیم پروژه امور قرارداد ها بایگانی دستگاه نظارت پیمانکار

Sheet  المان PNT-G-104
G2: شماره صورتمجلس PNT-G-104
B4: موضـوع: اضافه بها اعمال رنگ High Solid GLASS FLAKE EPOXY به وسیله دستگاه رنگ پاش بدون هوا (Airless) به ضخامت 250 میکرون درناحیه بالای اسپلش زون تا زیر عرشه اسکله معادل 20% بهای واحد ردیف 641903107 طبق بند 13 مقدمه فصل 19 فهرست بها
B5: موقعیت: محورهای 19 الی 45
B6: ردیف | C6: شرح | H6: سطح واحد(m2) | I6: تعداد | J6: طول/ابعاد (mm) | K6: طول/ابعاد موثر (mm) | L6: همپوشانی یک المان (m2) | M6: سطح یک المان(m2) | N6: سطح کل(m2)
B7: 1 | C7: CAP PILE (AXIS-19 ROW A' & D & G' AXIS-20 ROW A' & D & G' AXIS-21 ROW A' & D & G' AXIS-22 ROW A' & D & G' AXIS-23 ROW A' & G') | G7: 800*800*15 | H7: =0.8*0.8 -> 0.64 | I7: 14 | J7: ---- | K7: ---- | L7: =0.8*0.308 -> 0.2464 | M7: 0.64 | N7: =ROUND(M7*I7-L7*I7,1) -> 5.5
Z8: 29.948
B9: 2 | C9: BOX TO PILE (AXIS-19 ROW C & E AXIS-20 ROW C & E AXIS-21 ROW C & E AXIS-22 ROW C & E AXIS-23 ROW C & E) | G9: 1920*720 | H9: 3.58 | I9: 10 | J9: ---- | K9: ---- | L9: =1.9*0.308 -> 0.5852 | M9: =H9 -> 3.58 | N9: =ROUND(M9*I9-L9*I9,1) -> 29.9
Z10: 21.3
B11: 3 | C11: S19-45(upper) AXIS 24 ROW B~D | G11: UC313*308*20*15 | H11: 1.828 | I11: 1 | J11: =2*6096 -> 12192 | K11: =2*6096 -> 12192 | L11: =1.9*0.308+1.5*0.308*0.85 -> 0.9779 | M11: =K11*H11/1000 -> 22.286976 | N11: =ROUND(M11*I11-I11*L11,1) -> 21.3
B12: 4 | C12: S19-45 (lower) AXIS 24 ROW B~D | G12: UC313*308*20*15 | H12: 1.828 | I12: 1 | J12: =2*6096 -> 12192 | K12: =2*6096 -> 12192 | L12: =1.5*0.308*0.85 -> 0.3927 | M12: =K12*H12/1000 -> 22.286976 | N12: =ROUND(M12*I12-I12*L12,1) -> 21.9
B13: 5 | C13: S24-03 | G13: UC160*160*12*8 | H13: 0.944 | I13: 6 | J13: 1510 | K13: 1510 | L13: 0 | M13: =H13*K13/1000 -> 1.42544 | N13: =ROUND(M13*I13-I13*L13,1) -> 8.6
B14: 6 | C14: S24-02 | G14: UC160*160*12*8 | H14: 0.944 | I14: 6 | J14: 2402 | K14: 2251 | L14: 0 | M14: =H14*K14/1000 -> 2.124944 | N14: =ROUND(M14*I14-I14*L14,1) -> 12.7
B15: 7 | C15: S-23-04-L | G15: UC200*210*12*10 | H15: 1.22 | I15: 2 | J15: 7829 | K15: 7829 | L15: 0.252 | M15: =H15*K15/1000 -> 9.55138 | N15: =ROUND(M15*I15-I15*L15,1) -> 18.6
B16: 8 | C16: S-23-04A-U | G16: UC200*210*12*10 | H16: 1.22 | I16: 1 | J16: 7579 | K16: 7579 | L16: 0.252 | M16: =H16*K16/1000 -> 9.24638 | N16: =ROUND(M16*I16-I16*L16,1) -> 9
B17: 9 | C17: S24-07 | G17: UC220*210*12*8 | H17: 1.284 | I17: 1 | J17: 1510 | K17: 1510 | L17: 0 | M17: =H17*K17/1000 -> 1.93884 | N17: =ROUND(M17*I17-I17*L17,1) -> 1.9
B18: 10 | C18: GUSSET - LOWER DECK (Row B) AXIS 24 | G18: TYP.07 (LOWER DECK) | H18: =4*0.266023 -> 1.064092 | I18: 1 | J18: - | K18: - | L18: =6*0.21*0.3+0.65*0.154 -> 0.4781 | M18: =H18*I18 -> 1.064092 | N18: =ROUND(M18*I18-I18*L18,1) -> 0.6
B19: 11 | C19: GUSSET - UPPER DECK (Row B) AXIS 24 | G19: TYP.06 (UPPER DECK) | H19: =4*(0.18057+0.293223) -> 1.895172 | I19: 1 | J19: - | K19: - | L19: =8*0.3*0.21+0.247525 -> 0.751525 | M19: =H19*I19 -> 1.895172 | N19: =ROUND(M19*I19-I19*L19,1) -> 1.1
B20: 12 | C20: GUSSET - LOWER DECK (Row C) AXIS 24 | G20: TYP.05 (LOWER DECK) | H20: =4*(0.252618+0.2578684) -> 2.0419456 | I20: 1 | J20: - | K20: - | L20: =(0.85*0.308-0.0775)+(2*0.76*0.21-0.25*0.21)+4*2*0.21*0.3 -> 0.955 | M20: =H20*I20 -> 2.0419456 | N20: =ROUND(M20*I20-I20*L20,1) -> 1.1
B21: 13 | C21: GUSSET - UPPER DECK (Row C) AXIS 24 | G21: TYP.03 (UPPER DECK) | H21: =4*(0.2890182602+0.294117978) -> 2.332545 | I21: 1 | J21: - | K21: - | L21: =2*0.21*0.76+0.308*0.85+4*2*0.21*0.3 -> 1.085 | M21: =H21*I21 -> 2.332545 | N21: =ROUND(M21*I21-I21*L21,1) -> 1.2
B22: 14 | C22: GUSSET - LOWER DECK (Row D) AXIS 24 | G22: TYP.07 (LOWER DECK) | H22: =4*0.266023 -> 1.064092 | I22: 1 | J22: - | K22: - | L22: =6*0.21*0.3+0.65*0.154 -> 0.4781 | M22: =H22*I22 -> 1.064092 | N22: =ROUND(M22*I22-I22*L22,1) -> 0.6
B23: 15 | C23: GUSSET - UPPER DECK (Row D) AXIS 24 | G23: TYP.06 (UPPER DECK) | H23: =4*(0.18057+0.293223) -> 1.895172 | I23: 1 | J23: - | K23: - | L23: =8*0.3*0.21+0.247525 -> 0.751525 | M23: =H23*I23 -> 1.895172 | N23: =ROUND(M23*I23-I23*L23,1) -> 1.1
B24: 16 | C24: S-23-04-U | G24: UC200*210*12*10 | H24: 1.22 | I24: 1 | J24: 7829 | K24: 7829 | L24: 0.252 | M24: =H24*K24/1000 -> 9.55138 | N24: =ROUND(M24*I24-I24*L24,1) -> 9.3
B25: 17 | C25: AXIS 23 ROW C | D25: S-23-03-U | G25: UC200*210*12*10 | H25: 1.22 | I25: 1 | J25: 5486 | K25: 5486 | L25: 0.15834 | M25: =K25*H25/1000 -> 6.69292 | N25: =ROUND(M25*I25,1) -> 6.7
B26: 18 | D26: S-23-03-L | G26: UC200*210*12*10 | H26: 1.22 | I26: 1 | J26: 5486 | K26: 5486 | L26: 0.126 | M26: =K26*H26/1000 -> 6.69292 | N26: =ROUND(M26*I26,1) -> 6.7
B27: 19 | D27: S23-C-04 | G27: UC160*160*12*8 | H27: 0.944 | I27: 1 | J27: 1629 | K27: 1629 | L27: 0 | M27: =K27*H27/1000 -> 1.537776 | N27: =ROUND(M27*I27,1) -> 1.5
B28: 20 | D28: S23-C-03 | G28: UC160*160*12*8 | H28: 0.944 | I28: 2 | J28: 2948 | K28: 2771 | L28: 0 | M28: =K28*H28/1000 -> 2.615824 | N28: =ROUND(M28*I28,1) -> 5.2
B29: 21 | C29: AXIS 23 ROW E | D29: S-23-03-U | G29: UC200*210*12*10 | H29: 1.22 | I29: 1 | J29: 5486 | K29: 5486 | L29: 0.15834 | M29: =K29*H29/1000 -> 6.69292 | N29: =ROUND(M29*I29,1) -> 6.7
B30: 22 | D30: S-23-03-L | G30: UC200*210*12*10 | H30: 1.22 | I30: 1 | J30: 5486 | K30: 5486 | L30: 0.126 | M30: =K30*H30/1000 -> 6.69292 | N30: =ROUND(M30*I30,1) -> 6.7
B31: 23 | D31: S23-E-04 | G31: UC160*160*12*8 | H31: 0.944 | I31: 1 | J31: 1629 | K31: 1629 | L31: 0 | M31: =K31*H31/1000 -> 1.537776 | N31: =ROUND(M31*I31,1) -> 1.5
B32: 24 | D32: S23-E-03 | G32: UC160*160*12*8 | H32: 0.944 | I32: 2 | J32: 2948 | K32: 2771 | L32: 0 | M32: =K32*H32/1000 -> 2.615824 | N32: =ROUND(M32*I32,1) -> 5.2
B33: 25 | C33: S19-45(upper) AXIS 24 ROW D~F | G33: UC313*308*20*15 | H33: 1.828 | I33: 1 | J33: =2*6096 -> 12192 | K33: =2*6096 -> 12192 | L33: =1.9*0.308+1.5*0.308*0.85 -> 0.9779 | M33: =K33*H33/1000 -> 22.286976 | N33: =ROUND(M33*I33-I33*L33,1) -> 21.3
B34: 26 | C34: S19-45 (lower) AXIS 24 ROW D~F | G34: UC313*308*20*15 | H34: 1.828 | I34: 1 | J34: =2*6096 -> 12192 | K34: =2*6096 -> 12192 | L34: =1.5*0.308*0.85 -> 0.3927 | M34: =K34*H34/1000 -> 22.286976 | N34: =ROUND(M34*I34-I34*L34,1) -> 21.9
B35: 27 | C35: S24-03 | G35: UC160*160*12*8 | H35: 0.944 | I35: 4 | J35: 1510 | K35: 1510 | L35: 0 | M35: =H35*K35/1000 -> 1.42544 | N35: =ROUND(M35*I35-I35*L35,1) -> 5.7
B36: 28 | C36: S24-02 | G36: UC160*160*12*8 | H36: 0.944 | I36: 6 | J36: 2402 | K36: 2251 | L36: 0 | M36: =H36*K36/1000 -> 2.124944 | N36: =ROUND(M36*I36-I36*L36,1) -> 12.7
B37: 29 | C37: S24-07 | G37: UC220*210*12*8 | H37: 1.284 | I37: 1 | J37: 1510 | K37: 1510 | L37: 0 | M37: =H37*K37/1000 -> 1.93884 | N37: =ROUND(M37*I37-I37*L37,1) -> 1.9
B38: 30 | C38: S-23-03-L | G38: UC200*210*12*10 | H38: 1.22 | I38: 1 | J38: 5486 | K38: 5486 | L38: 0.252 | M38: =H38*K38/1000 -> 6.69292 | N38: =ROUND(M38*I38-I38*L38,1) -> 6.4
B39: 31 | C39: S-23-03-U | G39: UC200*210*12*10 | H39: 1.22 | I39: 1 | J39: 5486 | K39: 5486 | L39: 0.252 | M39: =H39*K39/1000 -> 6.69292 | N39: =ROUND(M39*I39-I39*L39,1) -> 6.4
B40: 32 | C40: S-23-04-L | G40: UC200*210*12*10 | H40: 1.22 | I40: 1 | J40: 7829 | K40: 7829 | L40: 0.252 | M40: =H40*K40/1000 -> 9.55138 | N40: =ROUND(M40*I40-I40*L40,1) -> 9.3
B41: 33 | C41: S-23-04-U | G41: UC200*210*12*10 | H41: 1.22 | I41: 1 | J41: 7829 | K41: 7829 | L41: 0.252 | M41: =H41*K41/1000 -> 9.55138 | N41: =ROUND(M41*I41-I41*L41,1) -> 9.3
B42: 34 | C42: S-23-04A-U | G42: UC200*210*12*10 | H42: 1.22 | I42: 1 | J42: 7579 | K42: 7579 | L42: 0.252 | M42: =H42*K42/1000 -> 9.24638 | N42: =ROUND(M42*I42-I42*L42,1) -> 9
B43: 35 | C43: GUSSET - LOWER DECK (Row D) AXIS 23 | G43: TYP.04 (LOWER DECK) | H43: =4*(0.266018+0.271118) -> 2.148544 | I43: 1 | J43: - | K43: - | L43: =(0.85*0.308-0.05)+(2*0.76*0.21-0.2*0.21)+4*2*0.21*0.3 -> 0.993 | M43: =H43*I43 -> 2.148544 | N43: =ROUND(M43*I43-I43*L43,1) -> 1.2
B44: 36 | C44: GUSSET - UPPER DECK (Row D) AXIS 23 | G44: TYP.03 (UPPER DECK) | H44: =4*(0.2890182602+0.294117978) -> 2.332545 | I44: 1 | J44: - | K44: - | L44: =2*0.21*0.76+0.308*0.85+4*2*0.21*0.3 -> 1.085 | M44: =H44*I44 -> 2.332545 | N44: =ROUND(M44*I44-I44*L44,1) -> 1.2
B45: 37 | C45: GUSSET - LOWER DECK (Row E) AXIS 24 | G45: TYP.05 (LOWER DECK) | H45: =4*(0.252618+0.2578684) -> 2.0419456 | I45: 1 | J45: - | K45: - | L45: =(0.85*0.308-0.0775)+(2*0.76*0.21-0.25*0.21)+4*2*0.21*0.3 -> 0.955 | M45: =H45*I45 -> 2.0419456 | N45: =ROUND(M45*I45-I45*L45,1) -> 1.1
B46: 38 | C46: GUSSET - UPPER DECK (Row E) AXIS 24 | G46: TYP.03 (UPPER DECK) | H46: =4*(0.2890182602+0.294117978) -> 2.332545 | I46: 1 | J46: - | K46: - | L46: =0.21*0.76+0.308*0.85+6*2*0.21*0.3 -> 1.1774 | M46: =H46*I46 -> 2.332545 | N46: =ROUND(M46*I46-I46*L46,1) -> 1.2
B47: 39 | C47: LIGHT TOWER - LOWER DECK (Row D) AXIS 24 | H47: =2*(0.516468-0.132025)+0.176*(0.558+0.371+0.268) -> 0.979558 | I47: 1 | J47: - | K47: - | L47: =0.105*0.73 -> 0.07665 | M47: =H47*I47 -> 0.979558 | N47: =ROUND(M47*I47-I47*L47,1) -> 0.9
B48: 40 | C48: LIGHT TOWER - UPPER DECK (Row D) AXIS 24 | H48: =1*(0.516468-0.132025)+1*0.516468+0.176*(0.558+0.371+0.268) -> 1.111583 | I48: 1 | J48: - | K48: - | L48: =0.105*0.73 -> 0.07665 | M48: =H48*I48 -> 1.111583 | N48: =ROUND(M48*I48-I48*L48,1) -> 1
B49: 41 | C49: BOX TO PILE | G49: 1920*720 | H49: 3.58 | I49: 1 | J49: ---- | K49: ---- | L49: =1.9*0.308 -> 0.5852 | M49: =H49 -> 3.58 | N49: =M49*I49-L49*I49 -> 2.9948
B50: جمع کل | N50: =SUM(N7:N49) -> 298.0948
B51: جمع کل جهت 2 لایه | N51: =N50*2 -> 596.1896
B52: پیمانکار : تاریخ : | I52: دستگاه نظارت : تاریخ :
B54: منبع مدرک: کارفرما ناظر مقیم پروژه امور قرارداد ها بایگانی دستگاه نظارت پیمانکار

Sheet PNT-G-103
B1: صورت مجلس | E1: شماره ویرایش مدرک: | H1: تاریخ ویرایش مدرک: | K1: EC-01-F-09
F4: صورتمجلس
B11: نام پروژه: تعمیرات اساسی ضلع جنوبی اسکله شرقی جزیره خارگ ازمحور19الی45 (PC) | F11: شماره صورت PNT-G-103 | J11: تاریخ :1404/05/18
B14: نام پیمانکار: شرکت صنایع فرا ساحل (صف) | F14: شماره قرارداد: 11048-73-38 | J14: تعداد صفحات پيوست: 5 صفحه
B17: موضـوع: اضافه بهای اعمال رنگ High Solid GLASS FLAKE EPOXY به وسیله دستگاه رنگ پاش بدون هوا (Airless) به ضخامت 250 میکرون در اسکله ( در صورتی که سطح مورد نظر ، لوله تا 8 اینچ یا مقاطع فولادی تا 200 میلی متر باشد.)
B20: بدینوسیله امضا کنندگان ذیل تایید می نمایند , عملیات اعمال رنگ High Solid GLASS FLAKE EPOXY به وسیله دستگاه رنگ پاش بدون هوا (Airless) به ضخامت 250 میکرون در اسکله بر روی المان های ناحیه حد فاصل محور های 19 الی 45 ضلع جنوبی اسکله شرقی مطابق با ریزمتره پیوست به مساحت 320/4 متر مربع انجام گردید.
B26: ردیف | C26: ردیف فهرست بها | E26: شرح | I26: مقدار | K26: واحد
B28: 21 | C28: 641903122 | E28: اضافه بهای اعمال رنگ High Solid GLASS FLAKE EPOXY به وسیله دستگاه رنگ پاش بدون هوا (Airless) به ضخامت 250 میکرون در اسکله ( در صورتی که سطح مورد نظر ، لوله تا 8 اینچ یا مقاطع فولادی تا 200 میلی متر باشد.) | I28: 320/4 | K28: متر مربع
B31: پیمانکار | F31: دستگاه نظارت | J31: کار فرما
B35: منبع مدرک: کارفرما ناظر مقیم پروژه امور قرارداد ها بایگانی دستگاه نظارت پیمانکار

Sheet  المان PNT-G-103
G2: شماره صورتمجلس PNT-G-103
B4: موضـوع: اضافه بهای اعمال رنگ High Solid GLASS FLAKE Epoxy به وسیله دستگاه رنگ پاش بدون هوا (Airless) به ضخامت 250 میکرون در اسکله ( در صورتی که سطح مورد نظر ، لوله تا 8 اینچ یا مقاطع فولادی تا 200 میلی متر باشد.)
B5: موقعیت: محورهای 19 الی 45
B6: ردیف | C6: شرح | H6: سطح واحد(m2) | I6: تعداد | J6: طول/ابعاد (mm) | K6: طول/ابعاد موثر (mm) | L6: همپوشانی یک المان (m2) | M6: سطح یک المان(m2) | N6: سطح کل(m2)
B7: 1 | C7: CAP PILE (AXIS-19 ROW A' & D & G' AXIS-20 ROW A' & D & G' AXIS-21 ROW A' & D & G' AXIS-22 ROW A' & D & G' AXIS-23 ROW A' & G') | G7: 800*800*15 | H7: =0.8*0.8 -> 0.64 | I7: 0 | J7: ---- | K7: ---- | L7: =0.8*0.308 -> 0.2464 | M7: 0.64 | N7: =ROUND(M7*I7-L7*I7,1) -> 0
Z8: 29.948
B9: 2 | C9: BOX TO PILE (AXIS-19 ROW C & E AXIS-20 ROW C & E AXIS-21 ROW C & E AXIS-22 ROW C & E AXIS-23 ROW C & E) | G9: 1920*720 | H9: 3.58 | I9: 0 | J9: ---- | K9: ---- | L9: =1.9*0.308 -> 0.5852 | M9: =H9 -> 3.58 | N9: =ROUND(M9*I9-L9*I9,1) -> 0
Z10: 21.3
B11: 1 | C11: CAP PILE | G11: 800*800*15 | H11: =0.8*0.8 -> 0.64 | I11: 0 | J11: 800 | K11: ---- | L11: =0.8*0.308 -> 0.2464 | M11: =J11/1000*H11 -> 0.512 | N11: =M11*I11-L11*I11 -> 0
B12: 2 | C12: BOX TO PILE | G12: 1920*720 | H12: 3.58 | I12: 0 | J12: ---- | K12: ---- | L12: =1.9*0.308 -> 0.5852 | M12: =H12 -> 3.58 | N12: =M12*I12-L12*I12 -> 0
B13: 3 | C13: S19-45(upper) AXIS 24 ROW B~D | G13: UC313*308*20*15 | H13: 1.828 | I13: 0 | J13: =2*6096 -> 12192 | K13: =2*6096 -> 12192 | L13: =1.9*0.308+1.5*0.308*0.85 -> 0.9779 | M13: =K13*H13/1000 -> 22.286976 | N13: =ROUND(M13*I13-I13*L13,1) -> 0
B14: 4 | C14: S19-45 (lower) AXIS 24 ROW B~D | G14: UC313*308*20*15 | H14: 1.828 | I14: 0 | J14: =2*6096 -> 12192 | K14: =2*6096 -> 12192 | L14: =1.5*0.308*0.85 -> 0.3927 | M14: =K14*H14/1000 -> 22.286976 | N14: =ROUND(M14*I14-I14*L14,1) -> 0
B15: 5 | C15: S24-03 | G15: UC160*160*12*8 | H15: 0.944 | I15: 6 | J15: 1510 | K15: 1510 | L15: 0 | M15: =H15*K15/1000 -> 1.42544 | N15: =ROUND(M15*I15-I15*L15,1) -> 8.6
B16: 6 | C16: S24-02 | G16: UC160*160*12*8 | H16: 0.944 | I16: 6 | J16: 2402 | K16: 2251 | L16: 0 | M16: =H16*K16/1000 -> 2.124944 | N16: =ROUND(M16*I16-I16*L16,1) -> 12.7
B17: 7 | C17: S-23-04-L | G17: UC200*210*12*10 | H17: 1.22 | I17: 2 | J17: 7829 | K17: 7829 | L17: 0.252 | M17: =H17*K17/1000 -> 9.55138 | N17: =ROUND(M17*I17-I17*L17,1) -> 18.6
B18: 8 | C18: S-23-04A-U | G18: UC200*210*12*10 | H18: 1.22 | I18: 1 | J18: 7579 | K18: 7579 | L18: 0.252 | M18: =H18*K18/1000 -> 9.24638 | N18: =ROUND(M18*I18-I18*L18,1) -> 9
B19: 9 | C19: S24-07 | G19: UC220*210*12*8 | H19: 1.284 | I19: 0 | J19: 1510 | K19: 1510 | L19: 0 | M19: =H19*K19/1000 -> 1.93884 | N19: =ROUND(M19*I19-I19*L19,1) -> 0
B20: 10 | C20: GUSSET - LOWER DECK (Row B) AXIS 24 | G20: TYP.07 (LOWER DECK) | H20: =4*0.266023 -> 1.064092 | I20: 0 | J20: - | K20: - | L20: =6*0.21*0.3+0.65*0.154 -> 0.4781 | M20: =H20*I20 -> 0 | N20: =ROUND(M20*I20-I20*L20,1) -> 0
B21: 11 | C21: GUSSET - UPPER DECK (Row B) AXIS 24 | G21: TYP.06 (UPPER DECK) | H21: =4*(0.18057+0.293223) -> 1.895172 | I21: 0 | J21: - | K21: - | L21: =8*0.3*0.21+0.247525 -> 0.751525 | M21: =H21*I21 -> 0 | N21: =ROUND(M21*I21-I21*L21,1) -> 0
B22: 12 | C22: GUSSET - LOWER DECK (Row C) AXIS 24 | G22: TYP.05 (LOWER DECK) | H22: =4*(0.252618+0.2578684) -> 2.0419456 | I22: 0 | J22: - | K22: - | L22: =(0.85*0.308-0.0775)+(2*0.76*0.21-0.25*0.21)+4*2*0.21*0.3 -> 0.955 | M22: =H22*I22 -> 0 | N22: =ROUND(M22*I22-I22*L22,1) -> 0
B23: 13 | C23: GUSSET - UPPER DECK (Row C) AXIS 24 | G23: TYP.03 (UPPER DECK) | H23: =4*(0.2890182602+0.294117978) -> 2.332545 | I23: 0 | J23: - | K23: - | L23: =2*0.21*0.76+0.308*0.85+4*2*0.21*0.3 -> 1.085 | M23: =H23*I23 -> 0 | N23: =ROUND(M23*I23-I23*L23,1) -> 0
B24: 14 | C24: GUSSET - LOWER DECK (Row D) AXIS 24 | G24: TYP.07 (LOWER DECK) | H24: =4*0.266023 -> 1.064092 | I24: 0 | J24: - | K24: - | L24: =6*0.21*0.3+0.65*0.154 -> 0.4781 | M24: =H24*I24 -> 0 | N24: =ROUND(M24*I24-I24*L24,1) -> 0
B25: 15 | C25: GUSSET - UPPER DECK (Row D) AXIS 24 | G25: TYP.06 (UPPER DECK) | H25: =4*(0.18057+0.293223) -> 1.895172 | I25: 1 | J25: - | K25: - | L25: =8*0.3*0.21+0.247525 -> 0.751525 | M25: =H25*I25 -> 1.895172 | N25: =ROUND(M25*I25-I25*L25,1) -> 1.1
B26: 16 | C26: S-23-04-U | G26: UC200*210*12*10 | H26: 1.22 | I26: 1 | J26: 7829 | K26: 7829 | L26: 0.252 | M26: =H26*K26/1000 -> 9.55138 | N26: =ROUND(M26*I26-I26*L26,1) -> 9.3
B27: 17 | C27: AXIS 23 ROW C | D27: S-23-03-U | G27: UC200*210*12*10 | H27: 1.22 | I27: 1 | J27: 5486 | K27: 5486 | L27: 0.15834 | M27: =K27*H27/1000 -> 6.69292 | N27: =ROUND(M27*I27,1) -> 6.7
B28: 18 | D28: S-23-03-L | G28: UC200*210*12*10 | H28: 1.22 | I28: 1 | J28: 5486 | K28: 5486 | L28: 0.126 | M28: =K28*H28/1000 -> 6.69292 | N28: =ROUND(M28*I28,1) -> 6.7
B29: 19 | D29: S23-C-04 | G29: UC160*160*12*8 | H29: 0.944 | I29: 1 | J29: 1629 | K29: 1629 | L29: 0 | M29: =K29*H29/1000 -> 1.537776 | N29: =ROUND(M29*I29,1) -> 1.5
B30: 20 | D30: S23-C-03 | G30: UC160*160*12*8 | H30: 0.944 | I30: 2 | J30: 2948 | K30: 2771 | L30: 0 | M30: =K30*H30/1000 -> 2.615824 | N30: =ROUND(M30*I30,1) -> 5.2
B31: 21 | C31: AXIS 23 ROW E | D31: S-23-03-U | G31: UC200*210*12*10 | H31: 1.22 | I31: 1 | J31: 5486 | K31: 5486 | L31: 0.15834 | M31: =K31*H31/1000 -> 6.69292 | N31: =ROUND(M31*I31,1) -> 6.7
B32: 22 | D32: S-23-03-L | G32: UC200*210*12*10 | H32: 1.22 | I32: 1 | J32: 5486 | K32: 5486 | L32: 0.126 | M32: =K32*H32/1000 -> 6.69292 | N32: =ROUND(M32*I32,1) -> 6.7
B33: 23 | D33: S23-E-04 | G33: UC160*160*12*8 | H33: 0.944 | I33: 1 | J33: 1629 | K33: 1629 | L33: 0 | M33: =K33*H33/1000 -> 1.537776 | N33: =ROUND(M33*I33,1) -> 1.5
B34: 24 | D34: S23-E-03 | G34: UC160*160*12*8 | H34: 0.944 | I34: 2 | J34: 2948 | K34: 2771 | L34: 0 | M34: =K34*H34/1000 -> 2.615824 | N34: =ROUND(M34*I34,1) -> 5.2
B35: 25 | C35: S19-45(upper) AXIS 24 ROW D~F | G35: UC313*308*20*15 | H35: 1.828 | I35: 0 | J35: =2*6096 -> 12192 | K35: =2*6096 -> 12192 | L35: =1.9*0.308+1.5*0.308*0.85 -> 0.9779 | M35: =K35*H35/1000 -> 22.286976 | N35: =ROUND(M35*I35-I35*L35,1) -> 0
B36: 26 | C36: S19-45 (lower) AXIS 24 ROW D~F | G36: UC313*308*20*15 | H36: 1.828 | I36: 0 | J36: =2*6096 -> 12192 | K36: =2*6096 -> 12192 | L36: =1.5*0.308*0.85 -> 0.3927 | M36: =K36*H36/1000 -> 22.286976 | N36: =ROUND(M36*I36-I36*L36,1) -> 0
B37: 27 | C37: S24-03 | G37: UC160*160*12*8 | H37: 0.944 | I37: 4 | J37: 1510 | K37: 1510 | L37: 0 | M37: =H37*K37/1000 -> 1.42544 | N37: =ROUND(M37*I37-I37*L37,1) -> 5.7
B38: 28 | C38: S24-02 | G38: UC160*160*12*8 | H38: 0.944 | I38: 6 | J38: 2402 | K38: 2251 | L38: 0 | M38: =H38*K38/1000 -> 2.124944 | N38: =ROUND(M38*I38-I38*L38,1) -> 12.7
B39: 29 | C39: S24-07 | G39: UC220*210*12*8 | H39: 1.284 | I39: 1 | J39: 1510 | K39: 1510 | L39: 0 | M39: =H39*K39/1000 -> 1.93884 | N39: =ROUND(M39*I39-I39*L39,1) -> 1.9
B40: 30 | C40: S-23-03-L | G40: UC200*210*12*10 | H40: 1.22 | I40: 1 | J40: 5486 | K40: 5486 | L40: 0.252 | M40: =H40*K40/1000 -> 6.69292 | N40: =ROUND(M40*I40-I40*L40,1) -> 6.4
B41: 31 | C41: S-23-03-U | G41: UC200*210*12*10 | H41: 1.22 | I41: 1 | J41: 5486 | K41: 5486 | L41: 0.252 | M41: =H41*K41/1000 -> 6.69292 | N41: =ROUND(M41*I41-I41*L41,1) -> 6.4
B42: 32 | C42: S-23-04-L | G42: UC200*210*12*10 | H42: 1.22 | I42: 1 | J42: 7829 | K42: 7829 | L42: 0.252 | M42: =H42*K42/1000 -> 9.55138 | N42: =ROUND(M42*I42-I42*L42,1) -> 9.3
B43: 33 | C43: S-23-04-U | G43: UC200*210*12*10 | H43: 1.22 | I43: 1 | J43: 7829 | K43: 7829 | L43: 0.252 | M43: =H43*K43/1000 -> 9.55138 | N43: =ROUND(M43*I43-I43*L43,1) -> 9.3
B44: 34 | C44: S-23-04A-U | G44: UC200*210*12*10 | H44: 1.22 | I44: 1 | J44: 7579 | K44: 7579 | L44: 0.252 | M44: =H44*K44/1000 -> 9.24638 | N44: =ROUND(M44*I44-I44*L44,1) -> 9
B45: 35 | C45: GUSSET - LOWER DECK (Row D) AXIS 23 | G45: TYP.04 (LOWER DECK) | H45: =4*(0.266018+0.271118) -> 2.148544 | I45: 0 | J45: - | K45: - | L45: =(0.85*0.308-0.05)+(2*0.76*0.21-0.2*0.21)+4*2*0.21*0.3 -> 0.993 | M45: =H45*I45 -> 0 | N45: =ROUND(M45*I45-I45*L45,1) -> 0
B46: 36 | C46: GUSSET - UPPER DECK (Row D) AXIS 23 | G46: TYP.03 (UPPER DECK) | H46: =4*(0.2890182602+0.294117978) -> 2.332545 | I46: 0 | J46: - | K46: - | L46: =2*0.21*0.76+0.308*0.85+4*2*0.21*0.3 -> 1.085 | M46: =H46*I46 -> 0 | N46: =ROUND(M46*I46-I46*L46,1) -> 0
B47: 37 | C47: GUSSET - LOWER DECK (Row E) AXIS 24 | G47: TYP.05 (LOWER DECK) | H47: =4*(0.252618+0.2578684) -> 2.0419456 | I47: 0 | J47: - | K47: - | L47: =(0.85*0.308-0.0775)+(2*0.76*0.21-0.25*0.21)+4*2*0.21*0.3 -> 0.955 | M47: =H47*I47 -> 0 | N47: =ROUND(M47*I47-I47*L47,1) -> 0
B48: 38 | C48: GUSSET - UPPER DECK (Row E) AXIS 24 | G48: TYP.03 (UPPER DECK) | H48: =4*(0.2890182602+0.294117978) -> 2.332545 | I48: 0 | J48: - | K48: - | L48: =0.21*0.76+0.308*0.85+6*2*0.21*0.3 -> 1.1774 | M48: =H48*I48 -> 0 | N48: =ROUND(M48*I48-I48*L48,1) -> 0
B49: 39 | C49: LIGHT TOWER - LOWER DECK (Row D) AXIS 24 | H49: =2*(0.516468-0.132025)+0.176*(0.558+0.371+0.268) -> 0.979558 | I49: 0 | J49: - | K49: - | L49: =0.105*0.73 -> 0.07665 | M49: =H49*I49 -> 0 | N49: =ROUND(M49*I49-I49*L49,1) -> 0
B50: 40 | C50: LIGHT TOWER - UPPER DECK (Row D) AXIS 24 | H50: =1*(0.516468-0.132025)+1*0.516468+0.176*(0.558+0.371+0.268) -> 1.111583 | I50: 0 | J50: - | K50: - | L50: =0.105*0.73 -> 0.07665 | M50: =H50*I50 -> 0 | N50: =ROUND(M50*I50-I50*L50,1) -> 0
B51: 41 | C51: BOX TO PILE | G51: 1920*720 | H51: 3.58 | I51: 0 | J51: ---- | K51: ---- | L51: =1.9*0.308 -> 0.5852 | M51: =H51 -> 3.58 | N51: =M51*I51-L51*I51 -> 0
B52: جمع کل | N52: =SUM(N7:N51) -> 160.2
B53: جمع کل جهت 2 لایه | N53: =ROUND(N52*2,1) -> 320.4
B54: پیمانکار : تاریخ : | I54: دستگاه نظارت : تاریخ :
B56: منبع مدرک: کارفرما ناظر مقیم پروژه امور قرارداد ها بایگانی دستگاه نظارت پیمانکار

Sheet PNT-G-102
B1: صورت مجلس | E1: شماره ویرایش مدرک: | H1: تاریخ ویرایش مدرک: | K1: EC-01-F-09
F4: صورتمجلس
B11: نام پروژه: تعمیرات اساسی ضلع جنوبی اسکله شرقی جزیره خارگ ازمحور19الی45 (PC) | F11: شماره صورت PNT-G-102 | J11: تاریخ :1404/05/18
B14: نام پیمانکار: شرکت صنایع فرا ساحل (صف) | F14: شماره قرارداد: 11048-73-38 | J14: تعداد صفحات پيوست: 5 صفحه
B17: موضـوع: اعمال رنگ High Solid GLASS FLAKE EPOXY به وسیله دستگاه رنگ پاش بدون هوا (Airless) به ضخامت 250 میکرون در اسکله
B20: بدینوسیله امضا کنندگان ذیل تایید می نمایند , عملیات اعمال رنگ High Solid GLASS FLAKE EPOXY به وسیله دستگاه رنگ پاش بدون هوا (Airless) به ضخامت 250 میکرون در اسکله بر روی المان های ناحیه حد فاصل محور های 19 الی 45 ضلع جنوبی اسکله شرقی مطابق با ریزمتره پیوست به مساحت 596/2 متر مربع انجام گردید.
B26: ردیف | C26: ردیف فهرست بها | E26: شرح | I26: مقدار | K26: واحد
B28: 17 | C28: 641903107 | E28: اعمال رنگ High Solid GLASS FLAKE EPOXY به وسیله دستگاه رنگ پاش بدون هوا (Airless) به ضخامت 250 میکرون در اسکله | I28: 596/2 | K28: متر مربع
B31: پیمانکار | F31: دستگاه نظارت | J31: کار فرما
B35: منبع مدرک: کارفرما ناظر مقیم پروژه امور قرارداد ها بایگانی دستگاه نظارت پیمانکار

Sheet  المان PNT-G-102
G2: شماره صورتمجلس PNT-G-102
B4: موضـوع: اعمال رنگ High Solid GLASS FLAKE EPOXY به وسیله دستگاه رنگ پاش بدون هوا (Airless) به ضخامت 250 میکرون در اسکله
B5: موقعیت: محورهای 19 الی 45
B6: ردیف | C6: شرح | H6: سطح واحد(m2) | I6: تعداد | J6: طول/ابعاد (mm) | K6: طول/ابعاد موثر (mm) | L6: همپوشانی یک المان (m2) | M6: سطح یک المان(m2) | N6: سطح کل(m2)
B7: 1 | C7: CAP PILE (AXIS-19 ROW A' & D & G' AXIS-20 ROW A' & D & G' AXIS-21 ROW A' & D & G' AXIS-22 ROW A' & D & G' AXIS-23 ROW A' & G') | G7: 800*800*15 | H7: =0.8*0.8 -> 0.64 | I7: 14 | J7: ---- | K7: ---- | L7: =0.8*0.308 -> 0.2464 | M7: 0.64 | N7: =ROUND(M7*I7-L7*I7,1) -> 5.5
Z8: 29.948
B9: 2 | C9: BOX TO PILE (AXIS-19 ROW C & E AXIS-20 ROW C & E AXIS-21 ROW C & E AXIS-22 ROW C & E AXIS-23 ROW C & E) | G9: 1920*720 | H9: 3.58 | I9: 10 | J9: ---- | K9: ---- | L9: =1.9*0.308 -> 0.5852 | M9: =H9 -> 3.58 | N9: =ROUND(M9*I9-L9*I9,1) -> 29.9
Z10: 21.3
B11: 3 | C11: S19-45(upper) AXIS 24 ROW B~D | G11: UC313*308*20*15 | H11: 1.828 | I11: 1 | J11: =2*6096 -> 12192 | K11: =2*6096 -> 12192 | L11: =1.9*0.308+1.5*0.308*0.85 -> 0.9779 | M11: =K11*H11/1000 -> 22.286976 | N11: =ROUND(M11*I11-I11*L11,1) -> 21.3
B12: 4 | C12: S19-45 (lower) AXIS 24 ROW B~D | G12: UC313*308*20*15 | H12: 1.828 | I12: 1 | J12: =2*6096 -> 12192 | K12: =2*6096 -> 12192 | L12: =1.5*0.308*0.85 -> 0.3927 | M12: =K12*H12/1000 -> 22.286976 | N12: =ROUND(M12*I12-I12*L12,1) -> 21.9
B13: 5 | C13: S24-03 | G13: UC160*160*12*8 | H13: 0.944 | I13: 6 | J13: 1510 | K13: 1510 | L13: 0 | M13: =H13*K13/1000 -> 1.42544 | N13: =ROUND(M13*I13-I13*L13,1) -> 8.6
B14: 6 | C14: S24-02 | G14: UC160*160*12*8 | H14: 0.944 | I14: 6 | J14: 2402 | K14: 2251 | L14: 0 | M14: =H14*K14/1000 -> 2.124944 | N14: =ROUND(M14*I14-I14*L14,1) -> 12.7
B15: 7 | C15: S-23-04-L | G15: UC200*210*12*10 | H15: 1.22 | I15: 2 | J15: 7829 | K15: 7829 | L15: 0.252 | M15: =H15*K15/1000 -> 9.55138 | N15: =ROUND(M15*I15-I15*L15,1) -> 18.6
B16: 8 | C16: S-23-04A-U | G16: UC200*210*12*10 | H16: 1.22 | I16: 1 | J16: 7579 | K16: 7579 | L16: 0.252 | M16: =H16*K16/1000 -> 9.24638 | N16: =ROUND(M16*I16-I16*L16,1) -> 9
B17: 9 | C17: S24-07 | G17: UC220*210*12*8 | H17: 1.284 | I17: 1 | J17: 1510 | K17: 1510 | L17: 0 | M17: =H17*K17/1000 -> 1.93884 | N17: =ROUND(M17*I17-I17*L17,1) -> 1.9
B18: 10 | C18: GUSSET - LOWER DECK (Row B) AXIS 24 | G18: TYP.07 (LOWER DECK) | H18: =4*0.266023 -> 1.064092 | I18: 1 | J18: - | K18: - | L18: =6*0.21*0.3+0.65*0.154 -> 0.4781 | M18: =H18*I18 -> 1.064092 | N18: =ROUND(M18*I18-I18*L18,1) -> 0.6
B19: 11 | C19: GUSSET - UPPER DECK (Row B) AXIS 24 | G19: TYP.06 (UPPER DECK) | H19: =4*(0.18057+0.293223) -> 1.895172 | I19: 1 | J19: - | K19: - | L19: =8*0.3*0.21+0.247525 -> 0.751525 | M19: =H19*I19 -> 1.895172 | N19: =ROUND(M19*I19-I19*L19,1) -> 1.1
B20: 12 | C20: GUSSET - LOWER DECK (Row C) AXIS 24 | G20: TYP.05 (LOWER DECK) | H20: =4*(0.252618+0.2578684) -> 2.0419456 | I20: 1 | J20: - | K20: - | L20: =(0.85*0.308-0.0775)+(2*0.76*0.21-0.25*0.21)+4*2*0.21*0.3 -> 0.955 | M20: =H20*I20 -> 2.0419456 | N20: =ROUND(M20*I20-I20*L20,1) -> 1.1
B21: 13 | C21: GUSSET - UPPER DECK (Row C) AXIS 24 | G21: TYP.03 (UPPER DECK) | H21: =4*(0.2890182602+0.294117978) -> 2.332545 | I21: 1 | J21: - | K21: - | L21: =2*0.21*0.76+0.308*0.85+4*2*0.21*0.3 -> 1.085 | M21: =H21*I21 -> 2.332545 | N21: =ROUND(M21*I21-I21*L21,1) -> 1.2
B22: 14 | C22: GUSSET - LOWER DECK (Row D) AXIS 24 | G22: TYP.07 (LOWER DECK) | H22: =4*0.266023 -> 1.064092 | I22: 1 | J22: - | K22: - | L22: =6*0.21*0.3+0.65*0.154 -> 0.4781 | M22: =H22*I22 -> 1.064092 | N22: =ROUND(M22*I22-I22*L22,1) -> 0.6
B23: 15 | C23: GUSSET - UPPER DECK (Row D) AXIS 24 | G23: TYP.06 (UPPER DECK) | H23: =4*(0.18057+0.293223) -> 1.895172 | I23: 1 | J23: - | K23: - | L23: =8*0.3*0.21+0.247525 -> 0.751525 | M23: =H23*I23 -> 1.895172 | N23: =ROUND(M23*I23-I23*L23,1) -> 1.1
B24: 16 | C24: S-23-04-U | G24: UC200*210*12*10 | H24: 1.22 | I24: 1 | J24: 7829 | K24: 7829 | L24: 0.252 | M24: =H24*K24/1000 -> 9.55138 | N24: =ROUND(M24*I24-I24*L24,1) -> 9.3
B25: 17 | C25: AXIS 23 ROW C | D25: S-23-03-U | G25: UC200*210*12*10 | H25: 1.22 | I25: 1 | J25: 5486 | K25: 5486 | L25: 0.15834 | M25: =K25*H25/1000 -> 6.69292 | N25: =ROUND(M25*I25,1) -> 6.7
B26: 18 | D26: S-23-03-L | G26: UC200*210*12*10 | H26: 1.22 | I26: 1 | J26: 5486 | K26: 5486 | L26: 0.126 | M26: =K26*H26/1000 -> 6.69292 | N26: =ROUND(M26*I26,1) -> 6.7
B27: 19 | D27: S23-C-04 | G27: UC160*160*12*8 | H27: 0.944 | I27: 1 | J27: 1629 | K27: 1629 | L27: 0 | M27: =K27*H27/1000 -> 1.537776 | N27: =ROUND(M27*I27,1) -> 1.5
B28: 20 | D28: S23-C-03 | G28: UC160*160*12*8 | H28: 0.944 | I28: 2 | J28: 2948 | K28: 2771 | L28: 0 | M28: =K28*H28/1000 -> 2.615824 | N28: =ROUND(M28*I28,1) -> 5.2
B29: 21 | C29: AXIS 23 ROW E | D29: S-23-03-U | G29: UC200*210*12*10 | H29: 1.22 | I29: 1 | J29: 5486 | K29: 5486 | L29: 0.15834 | M29: =K29*H29/1000 -> 6.69292 | N29: =ROUND(M29*I29,1) -> 6.7
B30: 22 | D30: S-23-03-L | G30: UC200*210*12*10 | H30: 1.22 | I30: 1 | J30: 5486 | K30: 5486 | L30: 0.126 | M30: =K30*H30/1000 -> 6.69292 | N30: =ROUND(M30*I30,1) -> 6.7
B31: 23 | D31: S23-E-04 | G31: UC160*160*12*8 | H31: 0.944 | I31: 1 | J31: 1629 | K31: 1629 | L31: 0 | M31: =K31*H31/1000 -> 1.537776 | N31: =ROUND(M31*I31,1) -> 1.5
B32: 24 | D32: S23-E-03 | G32: UC160*160*12*8 | H32: 0.944 | I32: 2 | J32: 2948 | K32: 2771 | L32: 0 | M32: =K32*H32/1000 -> 2.615824 | N32: =ROUND(M32*I32,1) -> 5.2
B33: 25 | C33: S19-45(upper) AXIS 24 ROW D~F | G33: UC313*308*20*15 | H33: 1.828 | I33: 1 | J33: =2*6096 -> 12192 | K33: =2*6096 -> 12192 | L33: =1.9*0.308+1.5*0.308*0.85 -> 0.9779 | M33: =K33*H33/1000 -> 22.286976 | N33: =ROUND(M33*I33-I33*L33,1) -> 21.3
B34: 26 | C34: S19-45 (lower) AXIS 24 ROW D~F | G34: UC313*308*20*15 | H34: 1.828 | I34: 1 | J34: =2*6096 -> 12192 | K34: =2*6096 -> 12192 | L34: =1.5*0.308*0.85 -> 0.3927 | M34: =K34*H34/1000 -> 22.286976 | N34: =ROUND(M34*I34-I34*L34,1) -> 21.9
B35: 27 | C35: S24-03 | G35: UC160*160*12*8 | H35: 0.944 | I35: 4 | J35: 1510 | K35: 1510 | L35: 0 | M35: =H35*K35/1000 -> 1.42544 | N35: =ROUND(M35*I35-I35*L35,1) -> 5.7
B36: 28 | C36: S24-02 | G36: UC160*160*12*8 | H36: 0.944 | I36: 6 | J36: 2402 | K36: 2251 | L36: 0 | M36: =H36*K36/1000 -> 2.124944 | N36: =ROUND(M36*I36-I36*L36,1) -> 12.7
B37: 29 | C37: S24-07 | G37: UC220*210*12*8 | H37: 1.284 | I37: 1 | J37: 1510 | K37: 1510 | L37: 0 | M37: =H37*K37/1000 -> 1.93884 | N37: =ROUND(M37*I37-I37*L37,1) -> 1.9
B38: 30 | C38: S-23-03-L | G38: UC200*210*12*10 | H38: 1.22 | I38: 1 | J38: 5486 | K38: 5486 | L38: 0.252 | M38: =H38*K38/1000 -> 6.69292 | N38: =ROUND(M38*I38-I38*L38,1) -> 6.4
B39: 31 | C39: S-23-03-U | G39: UC200*210*12*10 | H39: 1.22 | I39: 1 | J39: 5486 | K39: 5486 | L39: 0.252 | M39: =H39*K39/1000 -> 6.69292 | N39: =ROUND(M39*I39-I39*L39,1) -> 6.4
B40: 32 | C40: S-23-04-L | G40: UC200*210*12*10 | H40: 1.22 | I40: 1 | J40: 7829 | K40: 7829 | L40: 0.252 | M40: =H40*K40/1000 -> 9.55138 | N40: =ROUND(M40*I40-I40*L40,1) -> 9.3
B41: 33 | C41: S-23-04-U | G41: UC200*210*12*10 | H41: 1.22 | I41: 1 | J41: 7829 | K41: 7829 | L41: 0.252 | M41: =H41*K41/1000 -> 9.55138 | N41: =ROUND(M41*I41-I41*L41,1) -> 9.3
B42: 34 | C42: S-23-04A-U | G42: UC200*210*12*10 | H42: 1.22 | I42: 1 | J42: 7579 | K42: 7579 | L42: 0.252 | M42: =H42*K42/1000 -> 9.24638 | N42: =ROUND(M42*I42-I42*L42,1) -> 9
B43: 35 | C43: GUSSET - LOWER DECK (Row D) AXIS 23 | G43: TYP.04 (LOWER DECK) | H43: =4*(0.266018+0.271118) -> 2.148544 | I43: 1 | J43: - | K43: - | L43: =(0.85*0.308-0.05)+(2*0.76*0.21-0.2*0.21)+4*2*0.21*0.3 -> 0.993 | M43: =H43*I43 -> 2.148544 | N43: =ROUND(M43*I43-I43*L43,1) -> 1.2
B44: 36 | C44: GUSSET - UPPER DECK (Row D) AXIS 23 | G44: TYP.03 (UPPER DECK) | H44: =4*(0.2890182602+0.294117978) -> 2.332545 | I44: 1 | J44: - | K44: - | L44: =2*0.21*0.76+0.308*0.85+4*2*0.21*0.3 -> 1.085 | M44: =H44*I44 -> 2.332545 | N44: =ROUND(M44*I44-I44*L44,1) -> 1.2
B45: 37 | C45: GUSSET - LOWER DECK (Row E) AXIS 24 | G45: TYP.05 (LOWER DECK) | H45: =4*(0.252618+0.2578684) -> 2.0419456 | I45: 1 | J45: - | K45: - | L45: =(0.85*0.308-0.0775)+(2*0.76*0.21-0.25*0.21)+4*2*0.21*0.3 -> 0.955 | M45: =H45*I45 -> 2.0419456 | N45: =ROUND(M45*I45-I45*L45,1) -> 1.1
B46: 38 | C46: GUSSET - UPPER DECK (Row E) AXIS 24 | G46: TYP.03 (UPPER DECK) | H46: =4*(0.2890182602+0.294117978) -> 2.332545 | I46: 1 | J46: - | K46: - | L46: =0.21*0.76+0.308*0.85+6*2*0.21*0.3 -> 1.1774 | M46: =H46*I46 -> 2.332545 | N46: =ROUND(M46*I46-I46*L46,1) -> 1.2
B47: 39 | C47: LIGHT TOWER - LOWER DECK (Row D) AXIS 24 | H47: =2*(0.516468-0.132025)+0.176*(0.558+0.371+0.268) -> 0.979558 | I47: 1 | J47: - | K47: - | L47: =0.105*0.73 -> 0.07665 | M47: =H47*I47 -> 0.979558 | N47: =ROUND(M47*I47-I47*L47,1) -> 0.9
B48: 40 | C48: LIGHT TOWER - UPPER DECK (Row D) AXIS 24 | H48: =1*(0.516468-0.132025)+1*0.516468+0.176*(0.558+0.371+0.268) -> 1.111583 | I48: 1 | J48: - | K48: - | L48: =0.105*0.73 -> 0.07665 | M48: =H48*I48 -> 1.111583 | N48: =ROUND(M48*I48-I48*L48,1) -> 1
B49: 41 | C49: BOX TO PILE | G49: 1920*720 | H49: 3.58 | I49: 1 | J49: ---- | K49: ---- | L49: =1.9*0.308 -> 0.5852 | M49: =H49 -> 3.58 | N49: =M49*I49-L49*I49 -> 2.9948
B50: جمع کل | N50: =SUM(N7:N49) -> 298.0948
B51: جمع کل جهت 2 لایه | N51: =N50*2 -> 596.1896
B52: پیمانکار : تاریخ : | I52: دستگاه نظارت : تاریخ :
B54: منبع مدرک: کارفرما ناظر مقیم پروژه امور قرارداد ها بایگانی دستگاه نظارت پیمانکار

Sheet PNT-G-101
B1: صورت مجلس | E1: شماره ویرایش مدرک: | H1: تاریخ ویرایش مدرک: | K1: EC-01-F-09
F4: صورتمجلس
B11: نام پروژه: تعمیرات اساسی ضلع جنوبی اسکله شرقی جزیره خارگ ازمحور19الی45 (PC) | F11: شماره صورتمجلس PNT-G-101 | J11: تاریخ :1404/04/26
B14: نام پیمانکار: شرکت صنایع فرا ساحل (صف) | F14: شماره قرارداد: 11048-73-38 | J14: تعداد صفحات پيوست: 06 صفحه
B17: موضـوع: تهیه رنگ High Solid GLASS FLAKE EPOXY به ضخامت 250 میکرون
B20: بدینوسیله امضا کنندگان ذیل تایید می نمایند , تهیه رنگ High Solid GLASS FLAKE EPOXY به ضخامت 250 میکرون برای المان های ناحیه حد فاصل محور های 19 الی 45 ضلع جنوبی اسکله شرقی مطابق با ریزمتره پیوست به مساحت 345/4 متر مربع انجام گردید.
B26: ردیف | C26: ردیف فهرست بها | E26: شرح | I26: مقدار | K26: واحد
B28: 28 | C28: 641904105 | E28: تهیه رنگ High Solid GLASS FLAKE EPOXY به ضخامت 250 میکرون | I28: 345/4 | K28: متر مربع
B31: پیمانکار | F31: دستگاه نظارت | J31: کار فرما
B35: منبع مدرک: کارفرما ناظر مقیم پروژه امور قرارداد ها بایگانی دستگاه نظارت پیمانکار

Sheet PNT-G-100
B1: صورت مجلس | E1: شماره ویرایش مدرک: | H1: تاریخ ویرایش مدرک: | K1: EC-01-F-09
F4: صورتمجلس
B11: نام پروژه: تعمیرات اساسی ضلع جنوبی اسکله شرقی جزیره خارگ ازمحور19الی45 (PC) | F11: شماره صورت PNT-G-100 | J11: تاریخ :1404/04/22
B14: نام پیمانکار: شرکت صنایع فرا ساحل (صف) | F14: شماره قرارداد: 11048-73-38 | J14: تعداد صفحات پيوست: 3 صفحه
B17: موضـوع: اضافه بها اعمال رنگ High Solid GLASS FLAKE EPOXY به وسیله دستگاه رنگ پاش بدون هوا (Airless) به ضخامت 250 میکرون درناحیه بالای اسپلش زون تا زیر عرشه اسکله معادل 20% بهای واحد ردیف 641903107 طبق بند 13 مقدمه فصل 19 فهرست بها
B20: بدینوسیله امضا کنندگان ذیل تایید می نمایند , عملیات اعمال رنگ High Solid GLASS FLAKE EPOXY به وسیله دستگاه رنگ پاش بدون هوا (Airless) به ضخامت 250 میکرون در درناحیه بالای اسپلش زون تا زیر عرشه اسکله بر روی المان های ناحیه حد فاصل محور های 19 الی 45 ضلع جنوبی اسکله شرقی مطابق با ریزمتره پیوست به مساحت 345/4 متر مربع انجام گردید.
B26: ردیف | C26: ردیف فهرست بها | E26: شرح | I26: مقدار | K26: واحد
B28: 24 | C28: 641903132* | E28: اضافه بها اعمال رنگ High Solid GLASS FLAKE EPOXY به وسیله دستگاه رنگ پاش بدون هوا (Airless) به ضخامت 250 میکرون درناحیه بالای اسپلش زون تا زیر عرشه اسکله معادل 20% بهای واحد ردیف 641903107 طبق بند 13 مقدمه فصل 19 فهرست بها | I28: 345/4 | K28: متر مربع | P28: 569.1511
B31: پیمانکار | F31: دستگاه نظارت | J31: کار فرما
B35: منبع مدرک: کارفرما ناظر مقیم پروژه امور قرارداد ها بایگانی دستگاه نظارت پیمانکار

Sheet  المان PNT-G-100
G2: شماره صورتمجلس PNT-G-100
